CREATE DATABASE shopping;
USE shopping;
CREATE TABLE product_categories
(id INT NOT NULL,
title VARCHAR(45),
PRIMARY KEY (id));
CREATE TABLE products
(id INT NOT NULL,
title VARCHAR(45),
DESCRIPTION MEDIUMTEXT,
product_category_id INT,
price DOUBLE,
quantity INT,
PRIMARY KEY(id),
FOREIGN KEY (product_category_id) REFERENCES product_categories(id));
CREATE TABLE orders (id INT NOT NULL, product_id INT,
NAME VARCHAR(45), email VARCHAR(45), order_date DATETIME,
PRIMARY KEY (id), FOREIGN KEY (product_id) REFERENCES products(id));
INSERT INTO product_categories (id, title) VALUES
(1, 'Food'),
(2, 'Electronics'),
(3, 'Clothing'),
(4, 'Beauty');
INSERT INTO products (id, title, DESCRIPTION, product_category_id, price, quantity) VALUES
(1, 'Mens Slim Fit T-Shirts', 'Slim-fitting style, contrast raglan long sleeve, three-button henley placket, light weight & soft fabric for breathable and comfortable wearing. And Solid stitched shirts with round neck made for durability and a great fit for casual fashion wear and diehard baseball fans. The Henley style round neckline includes a three-button placket.',
3, 22.3, 120),
(2, 'Mens Cotton Jacket', 'great outerwear jackets for Spring/Autumn/Winter, suitable for many occasions, such as working, hiking, camping, mountain/rock climbing, cycling, traveling or other outdoors. Good gift choice for you or your family member. A warm hearted love to Father, husband or son in this thanksgiving or Christmas Day.',
3, 55.99, 30),
(3, 'WD 2TB External Hard Drive', 'USB 3.0 and USB 2.0 Compatibility Fast data transfers Improve PC Performance High Capacity; Compatibility Formatted NTFS for Windows 10, Windows 8.1, Windows 7; Reformatting may be required for other operating systems; Compatibility may vary depending on user’s hardware configuration and operating system',
2, 64, 15),
(4, 'Samsung 49-Inch Curved Gaming Monitor', '49 INCH SUPER ULTRAWIDE 32:9 CURVED GAMING MONITOR with dual 27 inch screen side by side QUANTUM DOT (QLED) TECHNOLOGY, HDR support and factory calibration provides stunningly realistic and accurate color and contrast 144HZ HIGH REFRESH RATE and 1ms ultra fast response time work to eliminate motion blur, ghosting, and reduce input lag',
2, 999.99, 4),
(5, 'Acer 21.5 inches Full HD (1920 x 1080)', '21. 5 inches Full HD (1920 x 1080) widescreen IPS display And Radeon free Sync technology. No compatibility for VESA Mount Refresh Rate: 75Hz - Using HDMI port Zero-frame design | ultra-thin | 4ms response time | IPS panel Aspect ratio - 16: 9. Color Supported - 16. 7 million colors. Brightness - 250 nit Tilt angle -5 degree to 15 degree. Horizontal viewing angle-178 degree. Vertical viewing angle-178 degree 75 hertz',
2, 599, 5),
(6, 'Mens Casual Slim Fit', 'The color could be slightly different between on the screen and in practice. / Please note that body builds vary by person, therefore, detailed size information should be reviewed below on the product description.',
3, 15.99, 13),
(7, 'Cheerios Cereal Honey Nut', 'Honey Nut Cheerios* makes every day brighter. With the goodness of Cheerios* and the taste of delicious golden honey, savour a bowl of Honey Nut Cheerios* and give yourself a small moment of enjoyment. Because every day could use a touch of honey. -Made with whole grains -It''s a delicious way to start the day, a perfect snack and tastes great in a recipe -Try other General Mills cereals made with whole grains in many great flavours Whether served alone, with milk, yogurt, and/or your favourite berries and nuts, this is a great cereal that can be part of a complete meal. Create a trail mix by adding nuts and dried fruit or take a twist on the traditional snack bar and mix cereal with melted marshmallows.',
1, 2, 20),
(8, 'Reduced Sodium Chicken Broth', 'Lower in sodium but not in flavour, this reduced sodium chicken broth has 25% less sodium than the original no name chicken broth. It is perfect for soups, bases of stews and sauces.',
1, 1.69, 31),
(9, 'Nacho Cheese flavoured tortilla chips', 'Bite into the cheesy goodness of Doritos Nacho Cheese flavoured tortilla chips for a tastebud-shattering crunch. With Doritos Nacho Cheese flavoured tortilla chips every crunchy bite is packed with a burst of bold, cheesy flavour. Turn any event into a bold snacking experience! And they’re gluten-free!',
1, 4.49, 55),
(10, 'Silicon Power 256GB SSD SATA III 2.5', '3D NAND flash are applied to deliver high transfer speeds Remarkable transfer speeds that enable faster bootup and improved overall system performance. The advanced SLC Cache Technology allows performance boost and longer lifespan 7mm slim design suitable for Ultrabooks and Ultra-slim notebooks. Supports TRIM command, Garbage Collection technology, RAID, and ECC (Error Checking & Correction) to provide the optimized performance and enhanced reliability.',
2, 109, 10),
(11, 'BIYLACLESEN Women''s 3-in-1 Snowboard Jacket', 'Note:The Jackets is US standard size, Please choose size as your usual wear Material: 100% Polyester; Detachable Liner Fabric: Warm Fleece. Detachable Functional Liner: Skin Friendly, Lightweigt and Warm.Stand Collar Liner jacket, keep you warm in cold weather. Zippered Pockets: 2 Zippered Hand Pockets, 2 Zippered Pockets on Chest (enough to keep cards or keys)and 1 Hidden Pocket Inside.Zippered Hand Pockets and Hidden Pocket keep your things secure. Humanized Design: Adjustable and Detachable Hood and Adjustable cuff to prevent the wind and water,for a comfortable fit. 3 in 1 Detachable Design provide more convenience, you can separate the coat and inner as needed, or wear it together. It is suitable for different season and help you adapt to different climates',
3, 56.99, 14),
(12, 'Goldfish Cheddar', 'Fish shaped crackers baked with real cheese.',
1, 2.29, 87),
(13, 'FOLGERS Classic Roast Ground Coffee', 'Enjoy our signature coffee blend - Folgers Classic Roast. A medium roast coffee specially ground for a smooth, balanced taste and aroma.',
1, 8.99, 34),
(14, 'Head and Shoulders Anti-Dandruff Shampoo', 'Get rid of dandruff* with Head & Shoulders Classic Clean anti-dandruff shampoo. Get unbelievably beautiful hair with Head & Shoulders. Why choose Head & Shoulders? A great anti-dandruff shampoo should do more than fight flakes. Head & Shoulders not only removes flakes but also protects your scalp from dandruff* and moisturizes your hair. Our products are tough on dandruff but gentle on hair so you can use them every day. Try the full line of Head & Shoulders products: From dry scalp to itchy scalp, dry hair to oily hair, and from a crisp green apple scent to handsome Old Spice freshness, Head & Shoulders has a version that’s right for you. Explore our full line of shampoos, 2in1s, conditioners, and hair and scalp treatments. *visible flakes, with regular use',
4, 4.29, 31);
INSERT INTO orders (id, product_id, NAME, email, order_date) VALUES
(1, 3, 'Duncan Stuart', 'per.inceptos@hotmail.com', '2024-04-29 10:27:27'),
(2, 10, 'Alden Rutledge', 'suspendisse.commodo.tincidunt@google.edu', '2024-05-14 18:45:10'),
(3, 7, 'Xantha Hess', 'xanthahess2569@yahoo.com', '2024-04-14 05:40:16'),
(4, 12, 'Tatyana Robles', 'tatyanarobles@outlook.ca', '2023-07-10 05:10:32'),
(5, 8, 'Whitney Chandler', 'whitneychandler@outlook.ca', '2023-07-15 09:15:04'),
(6, 2, 'Aristotle Gomez', 'aristotlegomez8548@outlook.net', '2024-03-23 10:34:40'),
(7, 3, 'Lucas Thornton', 'lucasthornton7238@aol.org', '2024-01-23 03:32:47'),
(8, 1, 'Vance Love', 'vancelove@hotmail.com', '2023-08-06 15:17:18'),
(9, 5, 'Chester Spence', 'chesterspence1578@yahoo.co.uk', '2023-11-24 22:22:41'),
(10, 3, 'Chadwick Espinoza', 'chadwickespinoza@protonmail.co.uk', '2023-11-11 10:24:47'),
(11, 2, 'Alden Riep', 'ariepa@apple.com', '2023-11-06 18:05:06'),
(12, 14, 'Rachel Wiltshire', 'rwiltshireb@ebay.com', '2023-09-09 18:51:43'),
(13, 7, 'Danella Causier', 'dcausierc@abc.net.au', '2023-06-18 08:54:12'),
(14, 2, 'Tadeas Meyer', 'tmeyerd@apache.org', '2024-01-02 07:47:06'),
(15, 3, 'Benita Cassidy', 'bcassidye@statcounter.com', '2023-06-05 17:24:40'),
(16, 12, 'Constanta Morillas', 'cmorillasf@seattletimes.com', '2024-03-14 06:10:50'),
(17, 3, 'Hobard MacKenney', 'hmackenneyg@amazon.de', '2024-05-07 23:11:19'),
(18, 12, 'Kerrin Geertz', 'kgeertzh@php.net', '2023-08-02 13:12:50'),
(19, 2, 'Ayn Drinkall', 'adrinkalli@washingtonpost.com', '2023-08-08 09:53:54'),
(20, 11, 'Hirsch Cinderey', 'hcindereyj@slideshare.net', '2024-05-19 22:05:05'),
(21, 2, 'Shay Cregeen', 'scregeenk@yahoo.co.jp', '2024-01-06 20:58:28'),
(22, 6, 'Duky Couche', 'dcouchel@moonfruit.com', '2023-08-02 10:33:22'),
(23, 4, 'Pippo Sarchwell', 'psarchwellm@sun.com', '2023-07-19 17:45:24'),
(24, 5, 'Nyssa Heathcoat', 'nheathcoatn@wordpress.com', '2023-07-01 19:57:20'),
(25, 13, 'Tanhya Waterfield', 'twaterfieldo@google.it', '2023-08-08 18:38:52'),
(26, 1, 'Aliza Georges', 'ageorgesp@artisteer.com', '2023-10-02 07:01:54'),
(27, 1, 'Anatol Robertot', 'arobertotq@yandex.ru', '2024-02-29 09:15:11'),
(28, 2, 'Ilka Padrick', 'ipadrickr@trellian.com', '2024-02-03 08:15:06'),
(29, 6, 'Gerrard Piatto', 'gpiattos@elpais.com', '2023-07-07 14:44:50'),
(30, 12, 'Shirleen Kollasch', 'skollascht@umich.edu', '2023-12-17 22:49:25'),
(31, 7, 'Felicdad Burles', 'fburlesu@com.com', '2024-05-30 07:53:55'),
(32, 6, 'Hewitt Melmar', 'hmelmarv@washington.edu', '2024-01-14 10:01:52'),
(33, 8, 'Jamesy Buffham', 'jbuffhamw@edublogs.org', '2024-04-06 04:05:52'),
(34, 9, 'Cazzie Joss', 'cjossx@salon.com', '2023-12-10 14:04:40'),
(35, 7, 'Brietta Farncombe', 'bfarncombey@whitehouse.gov', '2024-03-09 05:13:24'),
(36, 7, 'Gaspar Kohnemann', 'gkohnemannz@prweb.com', '2024-02-23 17:10:55'),
(37, 8, 'Ben Fist', 'bfist10@dedecms.com', '2024-05-23 08:48:38'),
(38, 2, 'Deck Charle', 'dcharle11@apple.com', '2024-01-23 05:08:07'),
(39, 12, 'Gerta Souttar', 'gsouttar12@illinois.edu', '2023-12-02 05:55:55'),
(40, 10, 'Derick Georges', 'dgeorges13@odnoklassniki.ru', '2023-09-11 03:35:12'),
(41, 13, 'Randene Dewsbury', 'rdewsbury14@unblog.fr', '2023-08-19 17:13:23'),
(42, 12, 'Kingston Ovanesian', 'kovanesian15@sfgate.com', '2024-03-26 10:32:22'),
(43, 3, 'Hasheem Marple', 'hmarple16@amazon.de', '2023-06-21 01:42:10'),
(44, 8, 'Karlee Danne', 'kdanne17@cnbc.com', '2024-05-31 12:21:02'),
(45, 13, 'Caryl Arthur', 'carthur18@ow.ly', '2023-12-29 15:17:18'),
(46, 14, 'Vernice Wetwood', 'vwetwood19@is.gd', '2023-11-02 21:18:24'),
(47, 3, 'Indira Hatchett', 'ihatchett1a@fda.gov', '2024-05-02 21:16:04'),
(48, 7, 'Kristoffer Upsale', 'kupsale1b@imageshack.us', '2023-08-14 18:38:50'),
(49, 4, 'Tod Garric', 'tgarric1c@timesonline.co.uk', '2024-04-29 15:11:52'),
(50, 10, 'Moss Elcock', 'melcock1d@opera.com', '2023-09-28 00:00:17'),
(51, 8, 'Marsha Henaughan', 'mhenaughan1e@webnode.com', '2024-01-30 08:45:25'),
(52, 11, 'Andy Thurman', 'athurman1f@phpbb.com', '2023-09-08 21:34:39'),
(53, 11, 'Peder Fihelly', 'pfihelly1g@pinterest.com', '2024-02-24 07:26:15'),
(54, 9, 'Brantley Kincade', 'bkincade1h@twitpic.com', '2024-03-26 16:39:10'),
(55, 1, 'Ruprecht Badrock', 'rbadrock1i@wp.com', '2024-05-10 16:21:06'),
(56, 3, 'Anthe Guilliland', 'aguilliland1j@plala.or.jp', '2024-03-22 14:40:29'),
(57, 10, 'Renae Smithin', 'rsmithin1k@hp.com', '2023-12-23 23:05:05'),
(58, 4, 'Fax Titford', 'ftitford1l@alibaba.com', '2024-01-22 20:51:44'),
(59, 2, 'Bat Stave', 'bstave1m@slideshare.net', '2024-05-22 12:42:44'),
(60, 4, 'Courtnay Romagnosi', 'cromagnosi1n@ycombinator.com', '2023-07-27 23:06:44'),
(61, 3, 'Lanie MacElane', 'lmacelane1o@t-online.de', '2023-08-10 07:27:07'),
(62, 2, 'Audre De Angelo', 'ade1p@devhub.com', '2023-08-05 07:29:21'),
(63, 2, 'Sheffie Kloska', 'skloska1q@slashdot.org', '2024-04-10 13:13:30'),
(64, 4, 'Lolita Ambrogioli', 'lambrogioli1r@gnu.org', '2023-06-24 22:32:52'),
(65, 13, 'Ulises Davidge', 'udavidge1s@cmu.edu', '2024-03-20 15:48:33'),
(66, 1, 'Rianon Buxcey', 'rbuxcey1t@marriott.com', '2023-06-07 00:35:41'),
(67, 12, 'Shandee Tizzard', 'stizzard1u@usda.gov', '2024-04-21 03:53:45'),
(68, 5, 'Georgianna Trail', 'gtrail1v@samsung.com', '2024-03-24 19:53:21'),
(69, 2, 'Ashlee Gouldstone', 'agouldstone1w@parallels.com', '2023-07-13 16:22:41'),
(70, 14, 'Haily Sang', 'hsang1x@list-manage.com', '2024-02-02 16:58:55'),
(71, 2, 'Papagena Bockmaster', 'pbockmaster1y@state.tx.us', '2023-12-24 09:32:01'),
(72, 14, 'Alphonse Forty', 'aforty1z@washingtonpost.com', '2023-08-22 09:33:16'),
(73, 10, 'Jobie Kisby', 'jkisby20@va.gov', '2024-05-01 20:35:36'),
(74, 4, 'Hannis Spender', 'hspender21@virginia.edu', '2024-04-12 23:32:46'),
(75, 7, 'Grange Karpeev', 'gkarpeev22@state.tx.us', '2023-07-04 15:13:02'),
(76, 9, 'Nannette Willison', 'nwillison23@newyorker.com', '2023-08-31 00:49:39'),
(77, 12, 'Nessi Loody', 'nloody24@weibo.com', '2023-10-22 17:02:22'),
(78, 13, 'Kala Maycock', 'kmaycock25@spotify.com', '2023-08-31 01:19:36'),
(79, 1, 'Ardene McKelloch', 'amckelloch26@google.co.jp', '2023-12-26 17:56:40'),
(80, 4, 'Philippe Edelmann', 'pedelmann27@elpais.com', '2023-11-22 16:16:25'),
(81, 2, 'Cosetta Massel', 'cmassel28@google.co.jp', '2023-07-22 20:34:07'),
(82, 6, 'Brock Coghlin', 'bcoghlin29@tuttocitta.it', '2023-11-14 18:17:27'),
(83, 5, 'Gerda Thorwarth', 'gthorwarth2a@bing.com', '2023-10-06 03:22:56'),
(84, 7, 'Travis Booley', 'tbooley2b@macromedia.com', '2023-08-01 22:07:53'),
(85, 13, 'Winifield Lea', 'wlea2c@bravesites.com', '2023-09-07 11:24:34'),
(86, 1, 'Delores Dummer', 'ddummer2d@latimes.com', '2024-04-18 12:21:55'),
(87, 12, 'Diann Bosman', 'dbosman2e@yahoo.com', '2023-12-19 06:18:57'),
(88, 11, 'Zaria Richemont', 'zrichemont2f@last.fm', '2023-10-30 12:40:37'),
(89, 11, 'Dore Emanuel', 'demanuel2g@ftc.gov', '2024-01-09 16:41:43'),
(90, 14, 'Montague Pideon', 'mpideon2h@bandcamp.com', '2023-06-10 01:02:58'),
(91, 4, 'Sauncho Harnetty', 'sharnetty2i@gov.uk', '2023-12-18 02:57:24'),
(92, 10, 'Guglielma Rasper', 'grasper2j@unesco.org', '2024-03-04 01:23:42'),
(93, 2, 'Philipa Pally', 'ppally2k@uiuc.edu', '2024-05-09 22:45:50'),
(94, 7, 'Timmie Cattel', 'tcattel2l@yahoo.co.jp', '2023-11-10 10:48:51'),
(95, 11, 'Naomi Blindmann', 'nblindmann2m@nsw.gov.au', '2023-06-16 18:43:56'),
(96, 7, 'Hussein Oldfield-Cherry', 'holdfieldcherry2n@jiathis.com', '2024-02-07 22:34:47'),
(97, 8, 'Portie Jaques', 'pjaques2o@wisc.edu', '2023-12-21 12:59:46'),
(98, 5, 'Yorker Alleburton', 'yalleburton2p@oakley.com', '2024-02-08 01:01:54'),
(99, 8, 'Kettie Heller', 'kheller2q@skyrock.com', '2024-05-11 00:34:07'),
(100, 5, 'Derwin De Angelo', 'dde2r@parallels.com', '2024-03-01 08:03:40'),
(101, 4, 'Ellis Tripony', 'etripony2s@miitbeian.gov.cn', '2024-04-06 09:05:43'),
(102, 3, 'Isabel Gemeau', 'igemeau2t@hao123.com', '2023-07-18 15:28:49'),
(103, 9, 'Kelli Barroux', 'kbarroux2u@eventbrite.com', '2023-10-24 16:56:44'),
(104, 4, 'Rutter Lydiate', 'rlydiate2v@google.nl', '2023-09-03 01:34:22'),
(105, 3, 'Ardys Wrey', 'awrey2w@blogtalkradio.com', '2023-10-30 16:53:38'),
(106, 14, 'Jerrie Godier', 'jgodier2x@indiegogo.com', '2024-03-29 11:08:22'),
(107, 14, 'Erminie Rudge', 'erudge2y@hao123.com', '2023-08-30 19:53:32'),
(108, 14, 'Meta Manvell', 'mmanvell2z@noaa.gov', '2024-05-06 22:14:19'),
(109, 14, 'Brena Fanton', 'bfanton30@spiegel.de', '2023-07-18 00:03:25'),
(110, 3, 'Meara Manzell', 'mmanzell31@wp.com', '2024-03-28 13:07:58'),
(111, 13, 'Emanuele Bradd', 'ebradd32@epa.gov', '2023-12-12 19:35:33'),
(112, 7, 'Florella O''Tuohy', 'fotuohy33@theguardian.com', '2023-08-13 03:58:54'),
(113, 2, 'Kaila Kirkam', 'kkirkam34@deliciousdays.com', '2024-05-29 22:18:21'),
(114, 2, 'Bertram Peppin', 'bpeppin35@gravatar.com', '2023-08-24 11:56:26'),
(115, 1, 'Corney Kleimt', 'ckleimt36@gravatar.com', '2023-11-05 15:27:29'),
(116, 2, 'Stephen Halsey', 'shalsey37@twitter.com', '2024-05-22 21:07:25'),
(117, 5, 'Bettine Broader', 'bbroader38@tuttocitta.it', '2024-02-17 09:48:23'),
(118, 13, 'Thorstein Matias', 'tmatias39@qq.com', '2024-01-12 12:12:29'),
(119, 2, 'Marje Blackaller', 'mblackaller3a@omniture.com', '2023-06-17 04:24:21'),
(120, 14, 'Marline Astman', 'mastman3b@merriam-webster.com', '2024-03-18 04:01:45'),
(121, 9, 'Chic Head', 'chead3c@acquirethisname.com', '2023-11-11 13:57:36'),
(122, 3, 'Derrick Surman', 'dsurman3d@xing.com', '2023-12-06 05:12:45'),
(123, 7, 'Erny Boult', 'eboult3e@ifeng.com', '2024-03-30 08:49:51'),
(124, 1, 'Brittney Vezey', 'bvezey3f@constantcontact.com', '2023-09-01 02:14:25'),
(125, 3, 'Annamaria Ovize', 'aovize3g@yellowbook.com', '2024-05-30 03:44:37'),
(126, 7, 'Marlowe Curuclis', 'mcuruclis3h@omniture.com', '2024-02-27 02:55:28'),
(127, 12, 'Ailene Wylie', 'awylie3i@miibeian.gov.cn', '2023-10-21 21:50:29'),
(128, 8, 'Winona Nobriga', 'wnobriga3j@oracle.com', '2024-03-03 02:44:11'),
(129, 7, 'Kevin Cremer', 'kcremer3k@wikipedia.org', '2024-01-08 12:54:41'),
(130, 13, 'Myrta Nobles', 'mnobles3l@hibu.com', '2023-08-30 10:30:25'),
(131, 13, 'Myranda MacVagh', 'mmacvagh3m@sfgate.com', '2023-11-21 10:57:32'),
(132, 12, 'Gisele Kuhnel', 'gkuhnel3n@dot.gov', '2023-09-28 16:28:26'),
(133, 7, 'Dayna Verdie', 'dverdie3o@smugmug.com', '2024-03-15 00:53:43'),
(134, 10, 'Mikey Corpes', 'mcorpes3p@w3.org', '2023-09-25 04:10:48'),
(135, 2, 'Gib Curl', 'gcurl3q@wordpress.org', '2024-01-24 18:12:59'),
(136, 11, 'Lavena Lowry', 'llowry3r@chron.com', '2023-11-05 15:09:24'),
(137, 14, 'Trey Stanworth', 'tstanworth3s@patch.com', '2023-09-22 22:12:25'),
(138, 4, 'Drucill Mowle', 'dmowle3t@feedburner.com', '2023-09-08 05:37:38'),
(139, 4, 'Jocelyn Gallally', 'jgallally3u@narod.ru', '2023-09-11 00:25:54'),
(140, 8, 'Ailina Rachuig', 'arachuig3v@psu.edu', '2023-07-04 19:10:27'),
(141, 8, 'Stanton Sterrick', 'ssterrick3w@mac.com', '2023-11-01 16:57:26'),
(142, 8, 'Wyn Litchmore', 'wlitchmore3x@yelp.com', '2023-09-01 14:10:27'),
(143, 14, 'Arnie Morshead', 'amorshead3y@slideshare.net', '2024-02-14 17:30:57'),
(144, 9, 'Oates Huband', 'ohuband3z@senate.gov', '2023-11-24 03:13:31'),
(145, 11, 'Daniella Rennix', 'drennix40@reddit.com', '2024-05-25 02:40:53'),
(146, 13, 'Ray Lippett', 'rlippett41@com.com', '2023-06-13 19:50:03'),
(147, 9, 'Iver Redford', 'iredford42@storify.com', '2024-02-02 18:00:19'),
(148, 9, 'Cynthia Zoane', 'czoane43@jigsy.com', '2023-11-01 08:37:01'),
(149, 14, 'Todd Pimlett', 'tpimlett44@ihg.com', '2023-10-25 17:20:07'),
(150, 8, 'Marcia Couling', 'mcouling45@bloglovin.com', '2023-10-22 16:13:22'),
(151, 1, 'Edyth Veeler', 'eveeler46@reddit.com', '2024-04-29 23:00:22'),
(152, 5, 'Nanette McIlwraith', 'nmcilwraith47@telegraph.co.uk', '2024-02-02 07:41:27'),
(153, 7, 'Emilee Stoate', 'estoate48@mozilla.com', '2023-07-08 04:58:13'),
(154, 7, 'Bink Franchi', 'bfranchi49@mlb.com', '2023-06-12 00:56:43'),
(155, 13, 'Merilee Gierok', 'mgierok4a@icio.us', '2023-11-11 13:39:32'),
(156, 5, 'Lian Ballaam', 'lballaam4b@wikia.com', '2024-01-20 23:47:19'),
(157, 14, 'Susanetta Rennles', 'srennles4c@google.ca', '2023-07-30 20:39:07'),
(158, 5, 'Boyd Dunsire', 'bdunsire4d@sourceforge.net', '2024-01-03 12:28:57'),
(159, 3, 'Cecil Atcheson', 'catcheson4e@buzzfeed.com', '2024-03-30 00:24:41'),
(160, 14, 'Elijah Girone', 'egirone4f@livejournal.com', '2023-10-04 02:36:26'),
(161, 11, 'Jeannine Vokes', 'jvokes4g@prweb.com', '2024-02-13 04:55:50'),
(162, 2, 'Neysa Fender', 'nfender4h@etsy.com', '2023-07-28 10:47:09'),
(163, 7, 'Bellina Gennerich', 'bgennerich4i@ed.gov', '2023-11-29 14:08:41'),
(164, 4, 'Neddie Merrill', 'nmerrill4j@com.com', '2023-07-21 19:09:47'),
(165, 11, 'Neala Lindeboom', 'nlindeboom4k@virginia.edu', '2023-06-08 08:26:01'),
(166, 7, 'Rora Seath', 'rseath4l@i2i.jp', '2024-03-29 16:25:38'),
(167, 2, 'Vonnie Ashmore', 'vashmore4m@baidu.com', '2023-08-01 18:27:04'),
(168, 3, 'Kane Ginglell', 'kginglell4n@aboutads.info', '2023-06-12 07:01:41'),
(169, 8, 'Barri Clausewitz', 'bclausewitz4o@un.org', '2024-02-04 17:36:28'),
(170, 12, 'Cleon Gerrit', 'cgerrit4p@cafepress.com', '2023-12-08 21:51:57'),
(171, 5, 'Brigid Benda', 'bbenda4q@github.com', '2023-12-17 00:26:31'),
(172, 4, 'Charmian Recher', 'crecher4r@hao123.com', '2024-01-21 01:07:54'),
(173, 5, 'Archer Pykett', 'apykett4s@sun.com', '2024-05-01 17:17:09'),
(174, 11, 'Marga Scarrisbrick', 'mscarrisbrick4t@ustream.tv', '2024-03-02 02:51:27'),
(175, 2, 'Betty Branscomb', 'bbranscomb4u@unicef.org', '2023-10-25 08:32:21'),
(176, 2, 'Trenna Lewson', 'tlewson4v@mediafire.com', '2024-04-15 23:46:26'),
(177, 10, 'Shelden Ivory', 'sivory4w@mit.edu', '2024-01-23 02:52:17'),
(178, 14, 'Rurik Dodshon', 'rdodshon4x@amazon.co.jp', '2024-05-26 13:10:25'),
(179, 6, 'Susi Barthorpe', 'sbarthorpe4y@dailymotion.com', '2024-03-03 12:42:31'),
(180, 6, 'Addison Henryson', 'ahenryson4z@cdc.gov', '2024-05-01 11:53:28'),
(181, 4, 'Audre Bayly', 'abayly50@unblog.fr', '2024-05-17 23:27:36'),
(182, 12, 'Zorine De Domenico', 'zde51@msn.com', '2023-10-27 18:10:26'),
(183, 1, 'Laverna Arnaudon', 'larnaudon52@gnu.org', '2024-04-28 13:31:01'),
(184, 5, 'Allin Mandifield', 'amandifield53@devhub.com', '2024-05-30 19:32:14'),
(185, 2, 'Tedman Pitchford', 'tpitchford54@yellowbook.com', '2023-12-14 01:32:38'),
(186, 2, 'Jdavie Jarley', 'jjarley55@alexa.com', '2024-01-22 15:09:48'),
(187, 5, 'Jaclin Younghusband', 'jyounghusband56@clickbank.net', '2023-12-27 11:33:13'),
(188, 12, 'Martainn Domm', 'mdomm57@mit.edu', '2024-05-14 09:50:10'),
(189, 6, 'Marlin Schoolfield', 'mschoolfield58@soup.io', '2023-06-20 00:16:42'),
(190, 10, 'Romonda Stobie', 'rstobie59@newyorker.com', '2023-08-07 18:50:54'),
(191, 13, 'Lettie Giamo', 'lgiamo5a@wufoo.com', '2023-12-02 04:17:08'),
(192, 13, 'Fernande Lias', 'flias5b@mysql.com', '2023-07-29 21:53:33'),
(193, 11, 'Vernen Hartridge', 'vhartridge5c@apache.org', '2023-08-23 07:28:16'),
(194, 9, 'Rhys Bang', 'rbang5d@godaddy.com', '2023-11-22 06:49:08'),
(195, 7, 'Jesus Stockbridge', 'jstockbridge5e@comsenz.com', '2023-11-28 09:41:19'),
(196, 2, 'Casper Rayment', 'crayment5f@github.com', '2024-02-19 18:01:23'),
(197, 1, 'Elfrieda Willbourne', 'ewillbourne5g@huffingtonpost.com', '2024-05-03 16:41:52'),
(198, 2, 'Remington Ubsdall', 'rubsdall5h@hao123.com', '2023-12-26 17:23:38'),
(199, 14, 'Alvie Donaho', 'adonaho5i@yahoo.co.jp', '2023-10-04 01:47:31'),
(200, 11, 'Lainey Straniero', 'lstraniero5j@va.gov', '2024-03-07 07:04:12'),
(201, 13, 'Wally Wilkinson', 'wwilkinson5k@ucoz.ru', '2023-12-11 18:07:55'),
(202, 11, 'Joyce Physick', 'jphysick5l@goodreads.com', '2023-08-20 19:39:42'),
(203, 6, 'Dewitt Corrison', 'dcorrison5m@360.cn', '2023-11-24 02:40:23'),
(204, 6, 'Marrilee Ravillas', 'mravillas5n@marketwatch.com', '2024-05-23 22:05:13'),
(205, 12, 'Lockwood Annice', 'lannice5o@comcast.net', '2023-10-17 02:27:50'),
(206, 8, 'Timmy Gherarducci', 'tgherarducci5p@lycos.com', '2023-07-10 12:24:17'),
(207, 6, 'Wilow Weins', 'wweins5q@upenn.edu', '2024-04-26 22:17:16'),
(208, 13, 'Florance Gallant', 'fgallant5r@ca.gov', '2023-08-04 00:47:15'),
(209, 13, 'Iggie Scorah', 'iscorah5s@goo.ne.jp', '2023-09-23 06:38:35'),
(210, 13, 'Kylen Clutram', 'kclutram5t@berkeley.edu', '2024-02-24 17:45:38'),
(211, 1, 'Moyra Gainsford', 'mgainsford5u@goodreads.com', '2023-09-01 20:52:58'),
(212, 3, 'Merci Hodgin', 'mhodgin5v@berkeley.edu', '2024-02-17 16:43:12'),
(213, 5, 'Zabrina Pitcher', 'zpitcher5w@icq.com', '2024-01-15 15:35:33'),
(214, 8, 'Deonne Adamiak', 'dadamiak5x@uiuc.edu', '2024-03-31 14:20:01'),
(215, 7, 'Tymon Odby', 'todby5y@omniture.com', '2023-07-04 15:42:27'),
(216, 6, 'Basilius Swafield', 'bswafield5z@zdnet.com', '2024-05-25 16:50:35'),
(217, 14, 'Reagen Debold', 'rdebold60@cornell.edu', '2024-05-23 20:15:01'),
(218, 14, 'Georgette McGrirl', 'gmcgrirl61@yelp.com', '2024-01-03 01:59:28'),
(219, 3, 'Bethanne Rockey', 'brockey62@google.com.au', '2024-01-16 05:30:25'),
(220, 10, 'Dara Clack', 'dclack63@instagram.com', '2023-06-17 20:24:33'),
(221, 10, 'Tim Sugge', 'tsugge64@mediafire.com', '2024-05-04 23:35:34'),
(222, 2, 'Gabi Bluett', 'gbluett65@nsw.gov.au', '2023-09-04 00:30:43'),
(223, 11, 'De witt Flatley', 'dwitt66@ycombinator.com', '2023-11-30 23:18:35'),
(224, 10, 'Rebekkah Bene', 'rbene67@seattletimes.com', '2024-03-03 02:20:49'),
(225, 2, 'Cynthia Viveash', 'cviveash68@reverbnation.com', '2023-07-22 08:46:27'),
(226, 10, 'Shellie Sinott', 'ssinott69@arstechnica.com', '2024-01-04 12:24:08'),
(227, 2, 'Raffarty Royse', 'rroyse6a@github.io', '2024-01-13 10:17:42'),
(228, 9, 'Nancey Breadon', 'nbreadon6b@tinypic.com', '2023-11-28 18:03:42'),
(229, 1, 'Margarette Gauler', 'mgauler6c@4shared.com', '2023-07-12 13:57:42'),
(230, 1, 'Candi Adamec', 'cadamec6d@army.mil', '2023-12-24 21:01:57'),
(231, 6, 'Archibold Peatt', 'apeatt6e@slashdot.org', '2023-08-21 12:53:21'),
(232, 4, 'Iosep Rolstone', 'irolstone6f@nytimes.com', '2024-01-19 09:57:33'),
(233, 10, 'Jephthah Pavlenko', 'jpavlenko6g@pbs.org', '2023-12-15 02:46:16'),
(234, 10, 'Olivier Vallerine', 'ovallerine6h@amazonaws.com', '2023-10-26 17:13:56'),
(235, 13, 'Lonee Verheijden', 'lverheijden6i@earthlink.net', '2023-06-06 04:59:47'),
(236, 2, 'Bale Shanahan', 'bshanahan6j@dropbox.com', '2023-12-31 07:31:40'),
(237, 5, 'Krishna Rannells', 'krannells6k@si.edu', '2023-06-17 14:24:05'),
(238, 12, 'Lucio Wozencraft', 'lwozencraft6l@apple.com', '2024-02-01 20:27:14'),
(239, 8, 'Erich Smaleman', 'esmaleman6m@bloglines.com', '2023-11-08 07:14:45'),
(240, 5, 'Ronda Matyashev', 'rmatyashev6n@blinklist.com', '2023-11-27 14:11:09'),
(241, 13, 'Netta Sloley', 'nsloley6o@fastcompany.com', '2024-05-28 21:59:34'),
(242, 9, 'Devin Kettle', 'dkettle6p@reuters.com', '2023-08-27 09:57:18'),
(243, 2, 'Obie Lynde', 'olynde6q@purevolume.com', '2023-12-25 13:32:18'),
(244, 9, 'Eddie Grichukhanov', 'egrichukhanov6r@home.pl', '2023-09-25 07:10:54'),
(245, 3, 'Sianna Pennington', 'spennington6s@taobao.com', '2023-08-17 08:48:42'),
(246, 5, 'Alis Syseland', 'asyseland6t@census.gov', '2023-06-05 05:26:04'),
(247, 1, 'Rebe Semrad', 'rsemrad6u@wordpress.com', '2023-06-29 11:02:47'),
(248, 7, 'Dana Innerstone', 'dinnerstone6v@netscape.com', '2023-09-17 11:16:42'),
(249, 2, 'Rhodie Ropcke', 'rropcke6w@spiegel.de', '2023-10-05 06:26:42'),
(250, 4, 'Jackie Svanetti', 'jsvanetti6x@craigslist.org', '2023-10-20 20:50:55'),
(251, 6, 'Reilly Warcop', 'rwarcop6y@epa.gov', '2023-07-19 23:16:31'),
(252, 9, 'Livvyy Massie', 'lmassie6z@oakley.com', '2023-08-01 17:56:56'),
(253, 4, 'Munmro Filippone', 'mfilippone70@spiegel.de', '2023-09-20 12:20:26'),
(254, 1, 'Rab Prys', 'rprys71@rediff.com', '2024-05-15 14:58:10'),
(255, 7, 'Ottilie Gravell', 'ogravell72@prlog.org', '2024-04-16 08:53:32'),
(256, 12, 'Rosabelle Sikorski', 'rsikorski73@gmpg.org', '2023-08-22 10:42:37'),
(257, 10, 'Frances Pendlenton', 'fpendlenton74@furl.net', '2024-01-04 08:55:48'),
(258, 10, 'Melamie Siddeley', 'msiddeley75@cdbaby.com', '2023-06-10 11:27:46'),
(259, 8, 'Staffard Keysall', 'skeysall76@homestead.com', '2023-06-27 06:52:41'),
(260, 6, 'Armando De Meis', 'ade77@nymag.com', '2023-06-17 03:08:59'),
(261, 4, 'Cassandra Vondruska', 'cvondruska78@google.de', '2023-12-07 03:08:45'),
(262, 14, 'Jamison Taffrey', 'jtaffrey79@about.com', '2024-05-03 02:19:35'),
(263, 8, 'Janeczka Wandrich', 'jwandrich7a@studiopress.com', '2023-09-15 14:08:35'),
(264, 4, 'Angele MacKall', 'amackall7b@arizona.edu', '2023-08-24 17:25:47'),
(265, 8, 'Teresa Shapera', 'tshapera7c@indiegogo.com', '2024-04-13 18:49:54'),
(266, 5, 'Hirsch Whaites', 'hwhaites7d@abc.net.au', '2023-10-24 20:22:30'),
(267, 12, 'Emmalee De Antoni', 'ede7e@sitemeter.com', '2023-12-17 04:54:07'),
(268, 12, 'Erny Matteacci', 'ematteacci7f@github.io', '2024-02-24 21:54:02'),
(269, 1, 'Claude Beaufoy', 'cbeaufoy7g@ft.com', '2024-03-24 09:45:20'),
(270, 4, 'Abby Dougliss', 'adougliss7h@cbc.ca', '2024-03-04 05:47:44'),
(271, 4, 'Bird Glanert', 'bglanert7i@over-blog.com', '2023-11-28 04:44:37'),
(272, 8, 'Tori Flintoft', 'tflintoft7j@mail.ru', '2024-04-06 06:39:15'),
(273, 11, 'Amity Bravey', 'abravey7k@pagesperso-orange.fr', '2023-11-17 12:29:49'),
(274, 14, 'Jackelyn Andreone', 'jandreone7l@ow.ly', '2024-02-13 15:46:19'),
(275, 6, 'Gannon Dockwra', 'gdockwra7m@squarespace.com', '2024-05-25 17:35:00'),
(276, 9, 'Marion Ludwell', 'mludwell7n@prweb.com', '2023-12-07 08:05:55'),
(277, 14, 'Nathanil Turbitt', 'nturbitt7o@gizmodo.com', '2023-08-01 21:31:05'),
(278, 1, 'Estele Loveman', 'eloveman7p@aboutads.info', '2023-09-12 10:35:06'),
(279, 7, 'Rowe Yate', 'ryate7q@pbs.org', '2023-08-28 07:20:01'),
(280, 12, 'Chantalle Markie', 'cmarkie7r@nih.gov', '2024-02-04 15:37:43'),
(281, 10, 'Lonni Gilstin', 'lgilstin7s@example.com', '2023-06-25 09:34:55'),
(282, 4, 'Edlin Lathan', 'elathan7t@indiatimes.com', '2024-02-11 09:49:39'),
(283, 11, 'Tim Ewells', 'tewells7u@comsenz.com', '2023-09-07 13:21:16'),
(284, 9, 'Bayard Gotthard.sf', 'bgotthardsf7v@cbc.ca', '2024-01-24 22:12:26'),
(285, 7, 'Viviyan Howsley', 'vhowsley7w@spiegel.de', '2023-08-24 12:15:55'),
(286, 8, 'Antonia Possek', 'apossek7x@mlb.com', '2023-11-09 15:34:07'),
(287, 9, 'Margi St Ange', 'mst7y@usatoday.com', '2023-09-13 15:37:42'),
(288, 13, 'Leonidas Becerro', 'lbecerro7z@de.vu', '2024-03-14 19:58:30'),
(289, 3, 'Dayna Dronsfield', 'ddronsfield80@utexas.edu', '2024-01-27 09:54:19'),
(290, 7, 'Camella Bloxholm', 'cbloxholm81@trellian.com', '2023-08-10 04:54:14'),
(291, 11, 'Chic Lattimore', 'clattimore82@google.es', '2023-11-02 09:58:08'),
(292, 7, 'Julita Dekeyser', 'jdekeyser83@domainmarket.com', '2023-06-04 03:50:12'),
(293, 9, 'Jerrilyn Vynoll', 'jvynoll84@redcross.org', '2023-07-13 19:37:26'),
(294, 14, 'Baily Duigan', 'bduigan85@live.com', '2023-12-09 06:17:59'),
(295, 1, 'Felipa Geard', 'fgeard86@hao123.com', '2023-09-04 22:18:39'),
(296, 2, 'Colleen MacCafferky', 'cmaccafferky87@ow.ly', '2023-12-27 04:09:32'),
(297, 9, 'Kevina Pendrigh', 'kpendrigh88@nps.gov', '2024-05-07 09:32:02'),
(298, 6, 'Kipp Sillis', 'ksillis89@timesonline.co.uk', '2023-07-28 19:24:14'),
(299, 3, 'Carolina Duffill', 'cduffill8a@amazonaws.com', '2023-08-03 03:08:43'),
(300, 7, 'Benedetta Scamadine', 'bscamadine8b@accuweather.com', '2023-10-23 03:43:19'),
(301, 12, 'Suzie Arkil', 'sarkil8c@photobucket.com', '2023-08-25 23:37:14'),
(302, 6, 'Terri-jo Twitching', 'ttwitching8d@ycombinator.com', '2024-05-28 02:06:14'),
(303, 1, 'Tarrance Stowgill', 'tstowgill8e@cdc.gov', '2023-12-18 12:11:51'),
(304, 1, 'Idalina Duligall', 'iduligall8f@home.pl', '2024-04-19 11:00:52'),
(305, 5, 'Leora Warr', 'lwarr8g@amazonaws.com', '2024-05-22 19:17:04'),
(306, 8, 'Bondie MacKegg', 'bmackegg8h@sina.com.cn', '2024-03-24 02:12:38'),
(307, 5, 'Thibaut Halbeard', 'thalbeard8i@state.gov', '2023-09-01 19:24:21'),
(308, 7, 'Benson Hainey`', 'bhainey8j@buzzfeed.com', '2023-09-04 14:36:11'),
(309, 6, 'Wileen Purseglove', 'wpurseglove8k@bloglovin.com', '2024-02-01 17:46:41'),
(310, 8, 'Laurie Marrow', 'lmarrow8l@fda.gov', '2023-10-30 07:00:59'),
(311, 5, 'Harv Petrina', 'hpetrina8m@usda.gov', '2024-04-21 15:04:49'),
(312, 8, 'Elnar Robertshaw', 'erobertshaw8n@rakuten.co.jp', '2023-10-04 17:23:55'),
(313, 11, 'Gina Arckoll', 'garckoll8o@usa.gov', '2023-06-24 15:37:08'),
(314, 6, 'Collie Cockrill', 'ccockrill8p@deliciousdays.com', '2023-06-18 12:10:12'),
(315, 13, 'Bald Ledgard', 'bledgard8q@w3.org', '2023-08-31 04:28:21'),
(316, 9, 'Maryellen Bruineman', 'mbruineman8r@parallels.com', '2023-06-19 10:56:25'),
(317, 12, 'Bennie Freda', 'bfreda8s@163.com', '2024-02-23 04:34:34'),
(318, 4, 'Carlee Varty', 'cvarty8t@adobe.com', '2023-06-12 20:43:14'),
(319, 14, 'Marybelle Colnet', 'mcolnet8u@ucsd.edu', '2024-02-22 22:01:51'),
(320, 2, 'Abran Wetherell', 'awetherell8v@newyorker.com', '2023-06-22 11:23:18'),
(321, 2, 'Zandra Macek', 'zmacek8w@wiley.com', '2023-07-06 02:03:17'),
(322, 11, 'Sloan Testin', 'stestin8x@auda.org.au', '2023-08-04 09:35:10'),
(323, 14, 'Marilee Lello', 'mlello8y@dedecms.com', '2023-07-21 20:20:39'),
(324, 8, 'Giorgi Stilldale', 'gstilldale8z@fema.gov', '2023-12-25 05:41:22'),
(325, 7, 'Earl Dury', 'edury90@ehow.com', '2023-08-04 09:38:52'),
(326, 13, 'Ethe Ronca', 'eronca91@mlb.com', '2023-11-15 07:07:15'),
(327, 5, 'Berte Boyde', 'bboyde92@chicagotribune.com', '2024-04-26 11:57:12'),
(328, 8, 'Casey Tibbetts', 'ctibbetts93@hc360.com', '2024-01-08 16:00:18'),
(329, 7, 'Konstantin Boothroyd', 'kboothroyd94@fotki.com', '2023-10-28 19:48:10'),
(330, 2, 'Thomasin Baiss', 'tbaiss95@ed.gov', '2023-09-05 20:59:04'),
(331, 2, 'Jobina Poppleston', 'jpoppleston96@archive.org', '2024-05-28 19:16:10'),
(332, 6, 'Zachery Ratnege', 'zratnege97@cocolog-nifty.com', '2024-05-27 16:12:44'),
(333, 5, 'Rochella Hillum', 'rhillum98@ask.com', '2023-08-19 07:06:47'),
(334, 9, 'Bart Leadston', 'bleadston99@engadget.com', '2023-09-05 08:37:47'),
(335, 8, 'Buddy Hellings', 'bhellings9a@mediafire.com', '2024-05-24 19:30:56'),
(336, 1, 'Florenza Tod', 'ftod9b@google.co.jp', '2023-10-16 15:00:01'),
(337, 3, 'Lorri Kilkenny', 'lkilkenny9c@bluehost.com', '2023-07-23 17:41:02'),
(338, 1, 'Parnell Negro', 'pnegro9d@sogou.com', '2023-09-30 17:17:41'),
(339, 14, 'Carri Eadie', 'ceadie9e@unicef.org', '2023-10-22 11:31:27'),
(340, 9, 'Merrill Horstead', 'mhorstead9f@howstuffworks.com', '2023-11-27 13:02:22'),
(341, 14, 'Levy Greenan', 'lgreenan9g@vk.com', '2023-10-21 19:44:06'),
(342, 14, 'Pauletta Casa', 'pcasa9h@friendfeed.com', '2024-03-22 09:11:05'),
(343, 7, 'Emilee MacCall', 'emaccall9i@unesco.org', '2023-10-08 17:28:16'),
(344, 10, 'Erskine Tomaszynski', 'etomaszynski9j@elegantthemes.com', '2023-08-03 16:15:12'),
(345, 8, 'Delmor Couvet', 'dcouvet9k@bandcamp.com', '2023-08-11 13:03:52'),
(346, 6, 'Alwin Robertson', 'arobertson9l@tripadvisor.com', '2023-06-27 03:49:26'),
(347, 7, 'Guillema Alexsandrovich', 'galexsandrovich9m@networksolutions.com', '2023-11-26 23:43:54'),
(348, 5, 'Tailor Tinker', 'ttinker9n@dagondesign.com', '2024-04-02 21:00:15'),
(349, 12, 'Othilie Lalonde', 'olalonde9o@bizjournals.com', '2024-04-01 04:32:10'),
(350, 5, 'Baird Whyteman', 'bwhyteman9p@themeforest.net', '2023-12-17 15:54:42'),
(351, 5, 'Gretna Honack', 'ghonack9q@paginegialle.it', '2024-01-03 22:52:35'),
(352, 5, 'Stanislas Herrieven', 'sherrieven9r@macromedia.com', '2024-05-08 12:47:35'),
(353, 10, 'Pauline Snarie', 'psnarie9s@ucoz.com', '2024-03-25 14:33:42'),
(354, 3, 'Yorker Tesauro', 'ytesauro9t@eepurl.com', '2023-06-24 03:04:31'),
(355, 13, 'Jule Thomas', 'jthomas9u@barnesandnoble.com', '2024-03-01 22:04:37'),
(356, 12, 'Geno Panyer', 'gpanyer9v@marketwatch.com', '2023-09-21 23:32:37'),
(357, 11, 'Glenna O''Coskerry', 'gocoskerry9w@edublogs.org', '2024-04-08 04:23:44'),
(358, 14, 'Rollin Mallam', 'rmallam9x@ucsd.edu', '2023-06-07 19:47:47'),
(359, 3, 'Julia Kopman', 'jkopman9y@fc2.com', '2024-04-30 02:04:49'),
(360, 7, 'Arty Eastcourt', 'aeastcourt9z@reverbnation.com', '2024-04-18 13:39:01'),
(361, 13, 'Wilhelm Abbatini', 'wabbatinia0@slideshare.net', '2023-06-23 02:14:08'),
(362, 3, 'Dov Chadbourne', 'dchadbournea1@cbsnews.com', '2023-06-09 12:43:26'),
(363, 12, 'Faber Le Galle', 'flea2@wp.com', '2024-02-23 07:13:16'),
(364, 2, 'Brinna Weepers', 'bweepersa3@netlog.com', '2023-07-05 00:34:55'),
(365, 11, 'Joshuah Wimbush', 'jwimbusha4@constantcontact.com', '2023-09-28 08:19:07'),
(366, 7, 'Madalyn Revan', 'mrevana5@multiply.com', '2023-06-05 00:14:22'),
(367, 7, 'Scott Lorincz', 'slorincza6@nymag.com', '2024-01-09 16:03:19'),
(368, 10, 'Kimberly Vuittet', 'kvuitteta7@simplemachines.org', '2023-10-31 08:51:57'),
(369, 9, 'Janela Vinter', 'jvintera8@ftc.gov', '2023-10-25 10:59:03'),
(370, 14, 'Wang Wofenden', 'wwofendena9@feedburner.com', '2024-05-19 15:26:23'),
(371, 11, 'Dorine Spenley', 'dspenleyaa@economist.com', '2023-07-02 05:43:27'),
(372, 6, 'Inglis Christoffe', 'ichristoffeab@samsung.com', '2023-06-20 07:12:45'),
(373, 11, 'Philbert Windebank', 'pwindebankac@360.cn', '2023-11-02 05:59:42'),
(374, 4, 'Brianna Worthy', 'bworthyad@nydailynews.com', '2023-10-24 07:16:47'),
(375, 3, 'Olivia Treweke', 'otrewekeae@aol.com', '2023-09-23 20:59:58'),
(376, 10, 'Cleon Hannis', 'channisaf@scientificamerican.com', '2023-07-13 05:26:53'),
(377, 13, 'Quintina Danskine', 'qdanskineag@cdc.gov', '2023-08-27 13:00:28'),
(378, 14, 'Lulu Sant', 'lsantah@washingtonpost.com', '2023-10-25 04:30:12'),
(379, 12, 'Savina Yarranton', 'syarrantonai@domainmarket.com', '2024-05-17 17:29:15'),
(380, 7, 'Astrix Nears', 'anearsaj@scribd.com', '2023-07-08 02:11:47'),
(381, 5, 'Colan Corp', 'ccorpak@state.gov', '2023-07-22 06:39:23'),
(382, 1, 'Madeleine Ingreda', 'mingredaal@arstechnica.com', '2023-10-18 13:32:32'),
(383, 6, 'Cameron Tomczykowski', 'ctomczykowskiam@hubpages.com', '2024-05-29 00:52:17'),
(384, 7, 'Ashla Eloi', 'aeloian@angelfire.com', '2023-09-09 11:46:48'),
(385, 7, 'Fawne Tran', 'ftranao@flickr.com', '2023-06-11 01:49:09'),
(386, 8, 'Dame Howling', 'dhowlingap@home.pl', '2023-06-27 16:56:25'),
(387, 8, 'Dominique Doel', 'ddoelaq@slideshare.net', '2024-01-04 10:01:35'),
(388, 10, 'Irwinn Michal', 'imichalar@deliciousdays.com', '2023-09-19 11:10:19'),
(389, 6, 'Hannie Andreini', 'handreinias@cnbc.com', '2023-07-22 01:27:17'),
(390, 4, 'Netta Le Sarr', 'nleat@weibo.com', '2023-06-28 08:32:25'),
(391, 13, 'Zelma Christensen', 'zchristensenau@merriam-webster.com', '2024-02-10 12:59:17'),
(392, 11, 'Torrence Isacq', 'tisacqav@opensource.org', '2024-01-17 14:33:34'),
(393, 1, 'Bessie Kemmer', 'bkemmeraw@goo.ne.jp', '2023-08-05 20:47:41'),
(394, 7, 'Ike Augar', 'iaugarax@rakuten.co.jp', '2023-11-18 07:42:51'),
(395, 5, 'Hal Elderton', 'heldertonay@walmart.com', '2024-02-23 22:40:37'),
(396, 11, 'Lucian Oxteby', 'loxtebyaz@liveinternet.ru', '2023-08-13 18:20:10'),
(397, 12, 'Pandora O''Meara', 'pomearab0@123-reg.co.uk', '2024-04-29 11:27:17'),
(398, 10, 'Bartolomeo Manders', 'bmandersb1@intel.com', '2023-08-31 04:56:58'),
(399, 7, 'Clim Cund', 'ccundb2@ycombinator.com', '2023-11-18 09:57:08'),
(400, 3, 'Araldo Linck', 'alinckb3@ask.com', '2024-01-03 03:09:46'),
(401, 13, 'Richie Foyster', 'rfoysterb4@unicef.org', '2024-04-25 15:14:46'),
(402, 6, 'Gradey Bravington', 'gbravingtonb5@zdnet.com', '2023-09-08 23:37:57'),
(403, 2, 'Ulla Gage', 'ugageb6@upenn.edu', '2023-11-03 20:24:59'),
(404, 5, 'Shay Guise', 'sguiseb7@thetimes.co.uk', '2023-07-27 12:45:07'),
(405, 1, 'Tabby Fairn', 'tfairnb8@apple.com', '2024-02-19 14:20:15'),
(406, 11, 'Boyd Sifflett', 'bsifflettb9@icq.com', '2023-08-13 22:09:12'),
(407, 7, 'Nikolos Layman', 'nlaymanba@about.me', '2023-08-18 05:36:28'),
(408, 14, 'Quintus Kilby', 'qkilbybb@sogou.com', '2024-03-21 11:22:04'),
(409, 6, 'Cris Girdler', 'cgirdlerbc@cisco.com', '2023-12-11 17:31:40'),
(410, 7, 'Thoma Inglish', 'tinglishbd@wunderground.com', '2023-06-25 01:30:06'),
(411, 4, 'Deana Dugget', 'dduggetbe@phoca.cz', '2024-03-14 12:23:06'),
(412, 14, 'Hadleigh Duerden', 'hduerdenbf@123-reg.co.uk', '2024-02-28 02:33:12'),
(413, 13, 'Violette Clausson', 'vclaussonbg@godaddy.com', '2023-06-12 22:38:10'),
(414, 9, 'Aubrie Dessaur', 'adessaurbh@macromedia.com', '2023-07-16 20:17:22'),
(415, 9, 'Granger Kropach', 'gkropachbi@google.com.au', '2023-07-29 20:53:11'),
(416, 13, 'Bernice McGurn', 'bmcgurnbj@gravatar.com', '2024-04-05 01:53:54'),
(417, 1, 'Donielle Parker', 'dparkerbk@bing.com', '2024-02-17 23:57:46'),
(418, 10, 'Hollyanne Quodling', 'hquodlingbl@nydailynews.com', '2023-07-10 05:02:59'),
(419, 14, 'Jodie Warr', 'jwarrbm@reference.com', '2024-02-08 23:12:45'),
(420, 14, 'Blancha Cudihy', 'bcudihybn@earthlink.net', '2024-05-21 04:11:00'),
(421, 6, 'Cornie Mochar', 'cmocharbo@w3.org', '2023-08-24 05:44:05'),
(422, 7, 'Raddy Ferreiro', 'rferreirobp@pcworld.com', '2023-08-31 03:12:30'),
(423, 2, 'Ardith McCue', 'amccuebq@elpais.com', '2023-07-27 01:40:59'),
(424, 13, 'Shell Gorgen', 'sgorgenbr@vistaprint.com', '2023-08-14 05:34:39'),
(425, 4, 'Camey Robertsson', 'crobertssonbs@tumblr.com', '2024-03-25 07:37:43'),
(426, 5, 'Celestyn Broadey', 'cbroadeybt@liveinternet.ru', '2023-08-25 20:31:47'),
(427, 11, 'Waverley Orable', 'worablebu@biglobe.ne.jp', '2024-04-16 06:44:14'),
(428, 12, 'Darcy Gillott', 'dgillottbv@statcounter.com', '2024-03-31 06:43:47'),
(429, 1, 'Putnem Kasparski', 'pkasparskibw@blinklist.com', '2024-06-03 21:14:01'),
(430, 13, 'Giustino Hefferan', 'ghefferanbx@deliciousdays.com', '2023-08-26 23:21:41'),
(431, 12, 'Cornelia Launchbury', 'claunchburyby@360.cn', '2024-01-14 08:06:15'),
(432, 14, 'Moyna Markey', 'mmarkeybz@army.mil', '2024-06-03 07:21:27'),
(433, 12, 'Bronson Isgate', 'bisgatec0@a8.net', '2024-02-27 01:14:04'),
(434, 13, 'Marten Benedetti', 'mbenedettic1@oracle.com', '2023-10-21 01:20:56'),
(435, 14, 'Waldemar Maureen', 'wmaureenc2@taobao.com', '2023-07-28 14:33:10'),
(436, 1, 'Steffie George', 'sgeorgec3@berkeley.edu', '2023-08-27 15:15:27'),
(437, 3, 'Caleb Casburn', 'ccasburnc4@google.pl', '2024-03-09 00:42:58'),
(438, 14, 'Caria Fetter', 'cfetterc5@blogtalkradio.com', '2023-09-27 11:46:08'),
(439, 8, 'Lisa Penelli', 'lpenellic6@jigsy.com', '2023-12-25 19:18:06'),
(440, 3, 'Merwyn Almack', 'malmackc7@1und1.de', '2024-05-05 14:30:22'),
(441, 1, 'Eugenia Joddens', 'ejoddensc8@people.com.cn', '2023-10-31 00:21:39'),
(442, 10, 'Eb Snary', 'esnaryc9@woothemes.com', '2024-04-15 04:16:59'),
(443, 12, 'Ricardo Pietranek', 'rpietranekca@rambler.ru', '2023-09-25 12:43:36'),
(444, 9, 'Herschel McEllen', 'hmcellencb@booking.com', '2023-08-20 22:56:34'),
(445, 9, 'Vanni Morffew', 'vmorffewcc@constantcontact.com', '2024-01-07 08:23:57'),
(446, 2, 'Karoline Ogle', 'koglecd@jalbum.net', '2023-10-31 07:59:32'),
(447, 5, 'Corty Adicot', 'cadicotce@creativecommons.org', '2023-11-18 15:09:56'),
(448, 10, 'Batsheva Toderbrugge', 'btoderbruggecf@epa.gov', '2024-03-04 16:53:26'),
(449, 9, 'Benni Bligh', 'bblighcg@boston.com', '2024-05-17 19:24:51'),
(450, 8, 'Kristy Osmar', 'kosmarch@ustream.tv', '2023-07-14 13:25:56'),
(451, 5, 'Flor Harhoff', 'fharhoffci@uol.com.br', '2023-12-03 00:01:27'),
(452, 3, 'Jacki Shobbrook', 'jshobbrookcj@bbc.co.uk', '2024-02-14 14:05:44'),
(453, 5, 'Marillin McElvine', 'mmcelvineck@bloomberg.com', '2024-05-20 16:19:38'),
(454, 1, 'Michale Giannazzo', 'mgiannazzocl@phoca.cz', '2023-06-05 03:10:57'),
(455, 14, 'Marshal Boshers', 'mbosherscm@meetup.com', '2023-11-03 21:03:52'),
(456, 14, 'Law Fearnside', 'lfearnsidecn@examiner.com', '2024-04-15 06:39:39'),
(457, 5, 'Alika Fantone', 'afantoneco@ebay.com', '2024-02-19 03:59:20'),
(458, 6, 'Conni Willox', 'cwilloxcp@wsj.com', '2023-08-31 02:19:35'),
(459, 1, 'Walt Hyndson', 'whyndsoncq@businessweek.com', '2023-12-20 12:03:31'),
(460, 9, 'Whitman Durgan', 'wdurgancr@arstechnica.com', '2024-04-06 00:20:25'),
(461, 5, 'Celestyna Finnis', 'cfinniscs@nbcnews.com', '2024-05-03 05:05:52'),
(462, 3, 'Archer Odgers', 'aodgersct@imgur.com', '2024-01-20 09:41:11'),
(463, 6, 'Akim Hugo', 'ahugocu@blogs.com', '2024-01-10 22:39:32'),
(464, 5, 'Shanan Gallemore', 'sgallemorecv@flickr.com', '2023-11-13 10:05:58'),
(465, 7, 'Xymenes East', 'xeastcw@vinaora.com', '2023-09-16 20:31:08'),
(466, 5, 'Dorrie Demangel', 'ddemangelcx@about.me', '2023-08-10 11:12:35'),
(467, 3, 'Jonathon Hallowell', 'jhallowellcy@abc.net.au', '2023-07-09 09:54:53'),
(468, 4, 'Jarrod Melia', 'jmeliacz@cocolog-nifty.com', '2024-01-25 03:32:30'),
(469, 4, 'Brynne Stanlack', 'bstanlackd0@joomla.org', '2023-09-26 09:18:58'),
(470, 5, 'Olag McGifford', 'omcgiffordd1@ustream.tv', '2023-07-24 10:29:24'),
(471, 14, 'Reyna Junes', 'rjunesd2@wsj.com', '2023-11-28 23:09:52'),
(472, 7, 'Jessalin Cardew', 'jcardewd3@phpbb.com', '2024-01-28 08:53:36'),
(473, 1, 'Quintana Bamsey', 'qbamseyd4@hibu.com', '2023-12-06 12:44:59'),
(474, 7, 'Eba Cross', 'ecrossd5@umich.edu', '2023-12-24 14:06:23'),
(475, 10, 'Idette Bockings', 'ibockingsd6@elegantthemes.com', '2024-02-13 04:44:42'),
(476, 7, 'Cate Tesyro', 'ctesyrod7@telegraph.co.uk', '2023-06-25 01:21:15'),
(477, 14, 'Zacharias Dulson', 'zdulsond8@digg.com', '2023-08-13 21:48:36'),
(478, 13, 'Timoteo Olivet', 'tolivetd9@drupal.org', '2024-03-13 23:00:59'),
(479, 12, 'Guy Braiden', 'gbraidenda@typepad.com', '2023-09-16 16:26:16'),
(480, 3, 'Heather Dockray', 'hdockraydb@yahoo.co.jp', '2024-02-02 18:24:36'),
(481, 4, 'Mela Hartland', 'mhartlanddc@independent.co.uk', '2023-09-06 20:46:40'),
(482, 5, 'Douglass Schneidau', 'dschneidaudd@instagram.com', '2024-03-24 13:50:30'),
(483, 10, 'Easter Cartmer', 'ecartmerde@cloudflare.com', '2023-06-27 06:40:10'),
(484, 4, 'Ulla Wynrehame', 'uwynrehamedf@infoseek.co.jp', '2024-03-08 02:59:48'),
(485, 5, 'Alejandra Rugge', 'aruggedg@noaa.gov', '2023-08-25 03:03:38'),
(486, 11, 'Lettie Pittock', 'lpittockdh@va.gov', '2024-02-28 01:24:50'),
(487, 14, 'Carlie Van Eeden', 'cvandi@plala.or.jp', '2023-12-16 12:05:20'),
(488, 12, 'Raddy Hailwood', 'rhailwooddj@buzzfeed.com', '2023-12-13 07:35:28'),
(489, 4, 'Mario Slemming', 'mslemmingdk@canalblog.com', '2024-01-24 10:50:04'),
(490, 1, 'Gusella Davidavidovics', 'gdavidavidovicsdl@bandcamp.com', '2023-07-07 08:09:14'),
(491, 6, 'Nikolaus Lucks', 'nlucksdm@over-blog.com', '2023-11-24 23:35:51'),
(492, 11, 'Germaine De Mattei', 'gdedn@google.pl', '2024-03-17 22:15:48'),
(493, 4, 'Jeffie Orris', 'jorrisdo@cbsnews.com', '2023-07-21 10:02:05'),
(494, 12, 'Suzy Iglesias', 'siglesiasdp@ebay.co.uk', '2023-10-22 04:34:15'),
(495, 3, 'Dominick Rentelll', 'drentellldq@mlb.com', '2023-10-06 08:46:58'),
(496, 9, 'Sonia Tizzard', 'stizzarddr@geocities.com', '2023-12-01 14:37:27'),
(497, 3, 'Mendy Seaborne', 'mseaborneds@yelp.com', '2023-11-19 01:23:06'),
(498, 6, 'Chloe Kilfedder', 'ckilfedderdt@marriott.com', '2023-11-07 06:09:30'),
(499, 12, 'Katrinka Collingridge', 'kcollingridgedu@mac.com', '2024-03-21 10:12:26'),
(500, 14, 'Daniela Carlson', 'dcarlsondv@squidoo.com', '2023-12-02 01:43:26'),
(501, 7, 'Cinda Maton', 'cmatondw@xinhuanet.com', '2023-09-01 16:46:24'),
(502, 6, 'Rachel Baltzar', 'rbaltzardx@intel.com', '2023-11-11 23:59:53'),
(503, 12, 'Tremayne Crowne', 'tcrownedy@yelp.com', '2023-08-23 21:14:59'),
(504, 4, 'Florence Parlour', 'fparlourdz@nymag.com', '2023-09-17 05:04:17'),
(505, 9, 'Tabina Manzell', 'tmanzelle0@spiegel.de', '2024-01-27 09:08:02'),
(506, 8, 'Eartha Paschke', 'epaschkee1@storify.com', '2024-05-21 11:07:55'),
(507, 9, 'Gothart Petyankin', 'gpetyankine2@wsj.com', '2023-11-23 14:33:07'),
(508, 9, 'Halsey Cayet', 'hcayete3@odnoklassniki.ru', '2023-06-05 02:13:44'),
(509, 2, 'Farra Tarry', 'ftarrye4@ebay.co.uk', '2023-10-02 08:34:49'),
(510, 2, 'Creigh Frear', 'cfreare5@cbc.ca', '2023-10-15 11:25:22'),
(511, 14, 'Gerrie Cerith', 'gcerithe6@ustream.tv', '2023-06-09 06:09:06'),
(512, 14, 'Dickie Upcraft', 'dupcrafte7@so-net.ne.jp', '2023-12-05 14:42:56'),
(513, 11, 'Ameline Albert', 'aalberte8@state.gov', '2024-01-27 08:40:18'),
(514, 7, 'Waverly Manterfield', 'wmanterfielde9@umn.edu', '2023-12-02 18:40:59'),
(515, 10, 'Jordan Drackford', 'jdrackfordea@ebay.com', '2024-04-20 08:25:46'),
(516, 6, 'Alysa Arpe', 'aarpeeb@google.com.hk', '2024-04-21 05:00:41'),
(517, 10, 'Alfy Dani', 'adaniec@sakura.ne.jp', '2023-06-12 21:30:13'),
(518, 4, 'Bette-ann Ceney', 'bceneyed@wunderground.com', '2024-03-08 08:03:16'),
(519, 2, 'Flinn Hurring', 'fhurringee@wiley.com', '2023-09-03 15:31:54'),
(520, 8, 'Dar Winridge', 'dwinridgeef@cocolog-nifty.com', '2024-05-04 01:16:42'),
(521, 2, 'Ford Poppleton', 'fpoppletoneg@cocolog-nifty.com', '2024-03-18 17:59:32'),
(522, 2, 'Lynde Prime', 'lprimeeh@newyorker.com', '2023-10-15 10:40:43'),
(523, 2, 'Maury Melbourne', 'mmelbourneei@sciencedirect.com', '2023-11-09 19:16:23'),
(524, 8, 'Flynn Baradel', 'fbaradelej@who.int', '2024-04-20 16:30:20'),
(525, 11, 'Whitney Vasilischev', 'wvasilischevek@geocities.com', '2023-09-16 02:56:01'),
(526, 5, 'Margi Heartfield', 'mheartfieldel@dedecms.com', '2023-07-08 15:14:59'),
(527, 7, 'Adelind Loosley', 'aloosleyem@icq.com', '2024-04-16 16:25:41'),
(528, 7, 'Felicia McCosh', 'fmccoshen@google.it', '2023-10-17 11:59:37'),
(529, 9, 'Portie Fairburn', 'pfairburneo@php.net', '2024-01-17 21:42:01'),
(530, 13, 'Lucky Coggill', 'lcoggillep@msn.com', '2024-03-16 05:54:22'),
(531, 3, 'Lauri Merrien', 'lmerrieneq@yale.edu', '2023-09-18 06:17:58'),
(532, 12, 'Viviene Slocomb', 'vslocomber@google.fr', '2023-08-01 02:01:18'),
(533, 11, 'Oriana Prin', 'oprines@homestead.com', '2023-12-26 05:49:03'),
(534, 6, 'Nessa Moston', 'nmostonet@time.com', '2023-09-23 17:18:57'),
(535, 5, 'Katheryn Runcieman', 'krunciemaneu@liveinternet.ru', '2023-12-03 12:52:42'),
(536, 12, 'Benji Retchless', 'bretchlessev@clickbank.net', '2023-12-11 06:03:03'),
(537, 3, 'Carleton Lawty', 'clawtyew@arizona.edu', '2023-11-03 18:08:31'),
(538, 2, 'Cornela Eakle', 'ceakleex@time.com', '2023-06-15 19:59:34'),
(539, 14, 'Danielle Bagger', 'dbaggerey@netvibes.com', '2023-11-24 00:51:06'),
(540, 10, 'Andres Yosifov', 'ayosifovez@t-online.de', '2023-11-20 02:47:02'),
(541, 7, 'Cara Dubique', 'cdubiquef0@dailymail.co.uk', '2023-12-12 16:12:52'),
(542, 13, 'Felipa Torrisi', 'ftorrisif1@blog.com', '2024-01-07 04:23:57'),
(543, 8, 'Emelen Snodden', 'esnoddenf2@yelp.com', '2024-03-05 21:24:51'),
(544, 7, 'Alica Bishop', 'abishopf3@1688.com', '2024-04-13 02:55:48'),
(545, 5, 'Lizzy Manilo', 'lmanilof4@about.com', '2023-06-11 14:44:54'),
(546, 9, 'Darell Neate', 'dneatef5@phpbb.com', '2023-10-27 12:56:33'),
(547, 11, 'Loralyn Roscamp', 'lroscampf6@amazonaws.com', '2024-01-27 06:20:12'),
(548, 4, 'Granthem Chattey', 'gchatteyf7@shareasale.com', '2023-11-17 18:12:37'),
(549, 9, 'Christel Mawditt', 'cmawdittf8@spiegel.de', '2023-08-03 18:25:12'),
(550, 5, 'Caz Petren', 'cpetrenf9@ycombinator.com', '2024-05-10 06:59:13'),
(551, 4, 'Jermain Jurasek', 'jjurasekfa@zimbio.com', '2023-11-22 11:52:38'),
(552, 12, 'Nathanil Esselen', 'nesselenfb@rambler.ru', '2024-03-30 20:27:41'),
(553, 12, 'Leese Debnam', 'ldebnamfc@ca.gov', '2023-10-22 10:01:19'),
(554, 9, 'Jay Thomann', 'jthomannfd@alexa.com', '2023-09-27 01:29:42'),
(555, 11, 'Viki Gregoire', 'vgregoirefe@typepad.com', '2023-12-06 22:26:41'),
(556, 9, 'Guillemette McDonagh', 'gmcdonaghff@sohu.com', '2023-09-06 21:57:13'),
(557, 10, 'Ramsey Ferrer', 'rferrerfg@chicagotribune.com', '2024-05-15 18:21:25'),
(558, 7, 'Ricca Arni', 'rarnifh@admin.ch', '2024-05-07 21:30:10'),
(559, 14, 'Aleece Dickings', 'adickingsfi@whitehouse.gov', '2023-07-08 07:20:13'),
(560, 2, 'Jonathan Hamil', 'jhamilfj@youku.com', '2023-09-01 13:02:43'),
(561, 8, 'Vivienne Trolley', 'vtrolleyfk@1und1.de', '2023-10-06 12:18:46'),
(562, 6, 'Kaitlin Copcott', 'kcopcottfl@twitter.com', '2023-10-19 18:47:02'),
(563, 13, 'Elfie Armatage', 'earmatagefm@bigcartel.com', '2023-12-18 19:19:17'),
(564, 9, 'Angil Bottomore', 'abottomorefn@japanpost.jp', '2023-09-24 00:24:35'),
(565, 1, 'Dionisio Pingstone', 'dpingstonefo@wordpress.com', '2023-06-04 09:34:01'),
(566, 6, 'Dorelle O'' Meara', 'dofp@newyorker.com', '2023-10-23 12:30:31'),
(567, 13, 'Jeremias Otley', 'jotleyfq@adobe.com', '2023-06-14 19:17:40'),
(568, 4, 'Linnie Alenichicov', 'lalenichicovfr@sphinn.com', '2023-08-23 20:39:17'),
(569, 10, 'Jeffrey Oldman', 'joldmanfs@berkeley.edu', '2024-03-04 05:54:34'),
(570, 3, 'Ado Pinnion', 'apinnionft@wufoo.com', '2023-09-21 04:28:47'),
(571, 8, 'Shell Warrell', 'swarrellfu@engadget.com', '2024-02-02 22:02:45'),
(572, 6, 'Karalynn Mix', 'kmixfv@hc360.com', '2024-02-26 08:18:31'),
(573, 8, 'Emmett Waison', 'ewaisonfw@networksolutions.com', '2023-07-20 20:32:24'),
(574, 1, 'Lanae Paynter', 'lpaynterfx@cocolog-nifty.com', '2024-02-10 08:54:19'),
(575, 14, 'Dennet Vassel', 'dvasselfy@msu.edu', '2023-06-06 23:04:08'),
(576, 9, 'Amabelle Callery', 'acalleryfz@nasa.gov', '2023-10-11 19:04:58'),
(577, 7, 'Lazare Postgate', 'lpostgateg0@ebay.com', '2024-03-09 20:36:08'),
(578, 8, 'Eimile Bernhard', 'ebernhardg1@ask.com', '2024-03-18 08:19:42'),
(579, 10, 'Wilfrid Cleatherow', 'wcleatherowg2@cloudflare.com', '2023-09-12 15:15:42'),
(580, 5, 'Hart Malster', 'hmalsterg3@ca.gov', '2023-11-11 11:41:00'),
(581, 10, 'Mitch Jestico', 'mjesticog4@java.com', '2023-12-20 14:19:11'),
(582, 13, 'Luis Checchi', 'lchecchig5@addtoany.com', '2024-03-23 09:22:00'),
(583, 5, 'Liam Barizeret', 'lbarizeretg6@tamu.edu', '2023-09-04 08:39:22'),
(584, 9, 'Zacherie McTiernan', 'zmctiernang7@mapquest.com', '2024-01-28 17:51:30'),
(585, 13, 'Chaddy Langhor', 'clanghorg8@techcrunch.com', '2023-07-09 15:08:34'),
(586, 14, 'Jere Rawnsley', 'jrawnsleyg9@yellowpages.com', '2023-08-01 10:57:13'),
(587, 7, 'Egbert Whitley', 'ewhitleyga@icq.com', '2023-10-02 00:58:47'),
(588, 1, 'Elvera Yetman', 'eyetmangb@vinaora.com', '2023-12-21 02:42:07'),
(589, 7, 'Simone Deakes', 'sdeakesgc@i2i.jp', '2024-04-08 00:59:47'),
(590, 11, 'Annis Colbron', 'acolbrongd@cbslocal.com', '2023-07-31 00:19:11'),
(591, 9, 'Debee Farnworth', 'dfarnworthge@netvibes.com', '2023-10-11 10:17:41'),
(592, 5, 'Mada Thurlborn', 'mthurlborngf@networksolutions.com', '2024-05-29 20:26:00'),
(593, 4, 'Arlyne Legat', 'alegatgg@dropbox.com', '2023-10-24 04:58:27'),
(594, 11, 'Allx Maben', 'amabengh@sourceforge.net', '2023-09-16 01:39:48'),
(595, 12, 'Hewett Napier', 'hnapiergi@geocities.com', '2023-12-29 19:28:49'),
(596, 5, 'Eleen Thredder', 'ethreddergj@surveymonkey.com', '2023-07-27 00:59:53'),
(597, 13, 'Lindie Rate', 'lrategk@smugmug.com', '2023-10-10 17:08:32'),
(598, 2, 'Casar Salomon', 'csalomongl@imgur.com', '2023-09-13 03:43:51'),
(599, 8, 'Nap Longmire', 'nlongmiregm@google.com.hk', '2023-08-02 23:41:03'),
(600, 3, 'Jen McMeeking', 'jmcmeekinggn@surveymonkey.com', '2024-05-27 16:27:07'),
(601, 8, 'Rheba Maitland', 'rmaitlandgo@ning.com', '2023-11-17 18:10:54'),
(602, 13, 'Beilul Weyman', 'bweymangp@mac.com', '2023-11-30 21:11:01'),
(603, 7, 'Francois Beckmann', 'fbeckmanngq@baidu.com', '2024-05-12 22:29:34'),
(604, 6, 'Sarine Redgrove', 'sredgrovegr@soundcloud.com', '2023-07-02 08:31:50'),
(605, 6, 'Jammal Chaloner', 'jchalonergs@usda.gov', '2023-09-13 09:05:51'),
(606, 10, 'Jone Mitchell', 'jmitchellgt@simplemachines.org', '2024-04-06 02:46:07'),
(607, 13, 'Dyanne Barhem', 'dbarhemgu@phoca.cz', '2024-05-27 21:20:53'),
(608, 3, 'Michale O''Brogan', 'mobrogangv@tinypic.com', '2024-03-05 17:39:39'),
(609, 13, 'Marvin Panton', 'mpantongw@theatlantic.com', '2023-06-28 19:41:57'),
(610, 4, 'Freddie Twigley', 'ftwigleygx@imdb.com', '2024-01-03 13:16:38'),
(611, 5, 'Morganica Snaddin', 'msnaddingy@europa.eu', '2023-09-06 16:48:20'),
(612, 6, 'Dacia Hobble', 'dhobblegz@utexas.edu', '2024-04-03 17:27:54'),
(613, 10, 'Tiertza Bradick', 'tbradickh0@jiathis.com', '2023-07-24 16:59:59'),
(614, 7, 'Ulrike Ragge', 'uraggeh1@npr.org', '2023-06-23 22:32:53'),
(615, 12, 'Arielle Moyce', 'amoyceh2@ycombinator.com', '2023-12-12 12:38:52'),
(616, 10, 'Harmon Plews', 'hplewsh3@cmu.edu', '2023-06-19 09:33:51'),
(617, 5, 'Lee Simioli', 'lsimiolih4@mac.com', '2024-04-28 10:51:03'),
(618, 3, 'Cletis Capron', 'ccapronh5@cdc.gov', '2023-11-21 22:43:12'),
(619, 9, 'Clair Becraft', 'cbecrafth6@surveymonkey.com', '2023-11-02 08:04:38'),
(620, 10, 'Florinda Itter', 'fitterh7@kickstarter.com', '2023-11-16 16:12:36'),
(621, 9, 'Althea Tremethack', 'atremethackh8@ovh.net', '2024-03-25 04:38:36'),
(622, 9, 'Salvatore Cescotti', 'scescottih9@ox.ac.uk', '2023-11-04 06:29:15'),
(623, 9, 'Fields Broomer', 'fbroomerha@prweb.com', '2023-08-04 09:09:12'),
(624, 4, 'Paul Fontaine', 'pfontainehb@phpbb.com', '2024-05-30 18:18:12'),
(625, 14, 'Dionisio Attoc', 'dattochc@biglobe.ne.jp', '2023-09-11 22:49:50'),
(626, 9, 'Fifine Le Huquet', 'flehd@51.la', '2023-07-14 12:29:47'),
(627, 14, 'Alan Grimoldby', 'agrimoldbyhe@cnn.com', '2024-04-18 22:43:52'),
(628, 10, 'Lissa Praill', 'lpraillhf@latimes.com', '2023-06-12 05:24:26'),
(629, 5, 'Ansell Zielinski', 'azielinskihg@redcross.org', '2023-10-16 00:49:58'),
(630, 12, 'Margeaux Albrighton', 'malbrightonhh@cnet.com', '2023-09-11 11:23:37'),
(631, 14, 'Germain Lodewick', 'glodewickhi@bloglines.com', '2023-06-23 18:03:17'),
(632, 1, 'Kaleb Merlin', 'kmerlinhj@google.com', '2024-02-05 12:48:20'),
(633, 6, 'Ignatius Heys', 'iheyshk@gravatar.com', '2023-09-28 06:16:45'),
(634, 3, 'Jonell Dommerque', 'jdommerquehl@twitpic.com', '2023-12-10 04:02:14'),
(635, 5, 'Vittoria Leggis', 'vleggishm@nydailynews.com', '2023-12-12 21:35:37'),
(636, 10, 'Zacharias Halgarth', 'zhalgarthhn@bloglines.com', '2023-10-31 13:26:12'),
(637, 9, 'Claiborne Smalcombe', 'csmalcombeho@buzzfeed.com', '2023-11-23 13:18:17'),
(638, 7, 'Verina Emmanuele', 'vemmanuelehp@huffingtonpost.com', '2024-02-24 05:22:44'),
(639, 4, 'Jesse Riggoll', 'jriggollhq@goodreads.com', '2024-02-20 01:38:34'),
(640, 8, 'Kacie Pycock', 'kpycockhr@boston.com', '2023-07-14 00:12:41'),
(641, 4, 'Letti Chamney', 'lchamneyhs@biglobe.ne.jp', '2023-10-09 11:46:52'),
(642, 7, 'Gordan Ridger', 'gridgerht@163.com', '2024-01-05 05:39:39'),
(643, 6, 'Ernest Paylor', 'epaylorhu@issuu.com', '2023-07-02 19:43:09'),
(644, 4, 'Shelton Bidwell', 'sbidwellhv@wikispaces.com', '2024-05-06 11:06:48'),
(645, 11, 'Brook Normant', 'bnormanthw@answers.com', '2023-09-14 01:50:15'),
(646, 3, 'Gertrud Caisley', 'gcaisleyhx@yelp.com', '2024-01-28 02:20:55'),
(647, 13, 'Syd Gossling', 'sgosslinghy@vimeo.com', '2024-04-18 05:59:04'),
(648, 6, 'Moise Bratcher', 'mbratcherhz@networksolutions.com', '2023-07-18 22:56:33'),
(649, 1, 'Eachelle Haysman', 'ehaysmani0@spotify.com', '2024-05-04 04:27:52'),
(650, 3, 'Lane Spellacey', 'lspellaceyi1@woothemes.com', '2024-02-18 05:38:46'),
(651, 1, 'Laina Betun', 'lbetuni2@hostgator.com', '2023-06-17 12:21:36'),
(652, 6, 'Marika Chardin', 'mchardini3@cnet.com', '2023-12-21 00:16:59'),
(653, 3, 'Yolanda Docwra', 'ydocwrai4@eventbrite.com', '2023-09-11 17:29:14'),
(654, 5, 'Carolynn Allot', 'calloti5@wunderground.com', '2023-10-05 03:10:07'),
(655, 5, 'Shane O''Monahan', 'somonahani6@skyrock.com', '2023-08-02 15:51:58'),
(656, 9, 'Ewen Dimock', 'edimocki7@g.co', '2024-03-02 13:37:29'),
(657, 9, 'Sonny Wyke', 'swykei8@globo.com', '2023-10-21 16:58:34'),
(658, 13, 'Desmond Lean', 'dleani9@businessinsider.com', '2023-12-08 07:32:14'),
(659, 9, 'Nathalie Eeles', 'neelesia@umn.edu', '2023-09-29 14:32:40'),
(660, 8, 'Llewellyn Jenteau', 'ljenteauib@reference.com', '2023-06-16 12:57:57'),
(661, 2, 'Tandi Gillitt', 'tgillittic@dyndns.org', '2024-02-12 04:00:44'),
(662, 4, 'Westbrooke Haysom', 'whaysomid@xing.com', '2023-11-18 18:08:12'),
(663, 7, 'Berty Kendrick', 'bkendrickie@ebay.com', '2024-04-14 00:44:33'),
(664, 9, 'Cyril Pimblett', 'cpimblettif@naver.com', '2023-09-11 14:16:51'),
(665, 8, 'Abbe Mardlin', 'amardlinig@github.com', '2023-08-17 02:12:28'),
(666, 8, 'Alfredo Acklands', 'aacklandsih@live.com', '2023-11-28 05:28:41'),
(667, 14, 'Janie Balstone', 'jbalstoneii@digg.com', '2023-10-17 05:53:54'),
(668, 12, 'Darryl Gaskell', 'dgaskellij@privacy.gov.au', '2024-03-26 21:32:09'),
(669, 5, 'Ammamaria Wetton', 'awettonik@alibaba.com', '2024-05-15 20:59:50'),
(670, 3, 'Dukey Merriday', 'dmerridayil@state.tx.us', '2024-02-07 05:37:00'),
(671, 3, 'Van Treweela', 'vtreweelaim@nymag.com', '2024-05-05 18:01:50'),
(672, 11, 'Shalom Covelle', 'scovellein@globo.com', '2024-04-26 02:13:58'),
(673, 4, 'Barnaby Perott', 'bperottio@hp.com', '2024-04-13 09:33:06'),
(674, 12, 'Gaston Willimott', 'gwillimottip@lycos.com', '2024-01-03 04:00:03'),
(675, 4, 'Jenifer Thrift', 'jthriftiq@tumblr.com', '2024-04-16 09:29:06'),
(676, 14, 'Madelyn Gillie', 'mgillieir@ycombinator.com', '2024-05-30 04:02:56'),
(677, 5, 'Gwendolin Kidstone', 'gkidstoneis@t.co', '2023-09-17 00:30:04'),
(678, 10, 'Rahel Cordle', 'rcordleit@studiopress.com', '2023-11-30 19:50:43'),
(679, 8, 'Ashien Philpot', 'aphilpotiu@spiegel.de', '2024-04-16 23:41:20'),
(680, 2, 'Meara Palle', 'mpalleiv@sfgate.com', '2023-10-28 19:42:17'),
(681, 3, 'Flora Dingle', 'fdingleiw@360.cn', '2024-01-31 01:31:06'),
(682, 6, 'Gwenni Grinston', 'ggrinstonix@virginia.edu', '2024-04-30 15:12:53'),
(683, 1, 'Tann Doncaster', 'tdoncasteriy@free.fr', '2023-09-02 07:55:40'),
(684, 6, 'Carie Adaway', 'cadawayiz@disqus.com', '2024-03-03 02:07:24'),
(685, 2, 'Orv Annear', 'oannearj0@nasa.gov', '2023-08-19 05:23:22'),
(686, 1, 'Krishna Beden', 'kbedenj1@hud.gov', '2023-12-08 22:16:50'),
(687, 4, 'Philomena Fisby', 'pfisbyj2@opensource.org', '2023-09-03 14:31:53'),
(688, 13, 'Isidora McCullagh', 'imccullaghj3@fema.gov', '2023-11-13 21:56:50'),
(689, 9, 'Janey MacMenamy', 'jmacmenamyj4@imageshack.us', '2023-09-01 12:10:15'),
(690, 14, 'Emmey Tomblings', 'etomblingsj5@weibo.com', '2023-12-17 18:45:40'),
(691, 6, 'Grenville Arrowsmith', 'garrowsmithj6@shareasale.com', '2023-12-11 19:19:51'),
(692, 3, 'Mylo Dandie', 'mdandiej7@mtv.com', '2023-11-26 08:37:10'),
(693, 1, 'Gene Secker', 'gseckerj8@blogspot.com', '2024-03-24 01:18:19'),
(694, 5, 'Brady Charlick', 'bcharlickj9@forbes.com', '2023-10-07 17:47:20'),
(695, 9, 'Raviv Piatek', 'rpiatekja@ted.com', '2024-05-01 00:01:06'),
(696, 11, 'Arlana Cruikshank', 'acruikshankjb@webmd.com', '2023-06-07 07:28:58'),
(697, 3, 'Hynda Rentoll', 'hrentolljc@si.edu', '2023-09-12 15:55:37'),
(698, 1, 'Godiva Horning', 'ghorningjd@buzzfeed.com', '2024-04-12 07:08:08'),
(699, 7, 'Marthena Eccott', 'meccottje@ucoz.com', '2024-01-16 16:33:47'),
(700, 10, 'Nessy Braybrook', 'nbraybrookjf@webs.com', '2023-07-17 11:45:34'),
(701, 7, 'Budd Aylin', 'baylinjg@1688.com', '2023-11-13 08:27:04'),
(702, 3, 'Raimund Dempsey', 'rdempseyjh@mediafire.com', '2023-12-19 17:14:35'),
(703, 1, 'Sampson Stanlike', 'sstanlikeji@a8.net', '2024-05-17 22:13:49'),
(704, 14, 'Oren Fley', 'ofleyjj@behance.net', '2024-01-25 06:42:29'),
(705, 2, 'Binny Dohms', 'bdohmsjk@virginia.edu', '2023-10-04 21:07:12'),
(706, 8, 'Mag McCluney', 'mmccluneyjl@usa.gov', '2023-08-04 14:06:19'),
(707, 6, 'Adora Matoshin', 'amatoshinjm@yandex.ru', '2023-08-02 10:23:38'),
(708, 3, 'Dierdre Jemison', 'djemisonjn@zimbio.com', '2024-02-23 08:06:35'),
(709, 14, 'Eleonora Seager', 'eseagerjo@mtv.com', '2024-04-06 19:40:33'),
(710, 2, 'Dulce McMechan', 'dmcmechanjp@ning.com', '2024-01-13 01:38:17'),
(711, 10, 'Khalil Basil', 'kbasiljq@princeton.edu', '2023-10-16 05:58:52'),
(712, 5, 'Claudelle Yanshonok', 'cyanshonokjr@eventbrite.com', '2024-04-29 02:03:33'),
(713, 7, 'Ula Kidder', 'ukidderjs@taobao.com', '2024-05-06 13:10:35'),
(714, 12, 'Abby Lesor', 'alesorjt@studiopress.com', '2024-03-06 12:01:47'),
(715, 6, 'Julieta Taberer', 'jtabererju@chronoengine.com', '2024-01-25 19:41:44'),
(716, 12, 'Randie Pacey', 'rpaceyjv@hhs.gov', '2023-09-17 23:09:09'),
(717, 12, 'Sal Ledeker', 'sledekerjw@dagondesign.com', '2023-07-17 17:36:07'),
(718, 7, 'Leona Dulake', 'ldulakejx@baidu.com', '2023-12-31 15:09:37'),
(719, 9, 'Hildegarde Kybert', 'hkybertjy@blinklist.com', '2024-05-08 18:30:11'),
(720, 9, 'Douglas Doorly', 'ddoorlyjz@guardian.co.uk', '2024-03-17 15:30:32'),
(721, 8, 'Vince Slorance', 'vslorancek0@blogtalkradio.com', '2023-07-06 13:05:02'),
(722, 1, 'Meara Merkle', 'mmerklek1@skyrock.com', '2023-09-18 12:48:59'),
(723, 2, 'Lucky Rottcher', 'lrottcherk2@time.com', '2023-07-18 21:55:48'),
(724, 12, 'Maryellen Franchioni', 'mfranchionik3@xinhuanet.com', '2023-07-22 15:38:51'),
(725, 1, 'Emmett Cranston', 'ecranstonk4@oakley.com', '2023-12-19 06:43:21'),
(726, 12, 'Penrod Dannehl', 'pdannehlk5@thetimes.co.uk', '2023-09-08 02:22:18'),
(727, 6, 'Brockie Ayerst', 'bayerstk6@digg.com', '2024-03-18 19:32:57'),
(728, 5, 'Roanne Boxhill', 'rboxhillk7@springer.com', '2023-06-04 23:40:36'),
(729, 3, 'Errick Jedrychowski', 'ejedrychowskik8@tmall.com', '2024-02-07 11:48:17'),
(730, 6, 'Mitchel Tipping', 'mtippingk9@cbc.ca', '2024-04-18 20:13:10'),
(731, 6, 'Ashleigh Caze', 'acazeka@boston.com', '2024-03-01 11:48:12'),
(732, 6, 'Teddy O''Hear', 'tohearkb@networksolutions.com', '2023-07-04 16:21:44'),
(733, 6, 'Brittni Balfour', 'bbalfourkc@sbwire.com', '2023-10-26 23:15:47'),
(734, 7, 'Ezekiel Frise', 'efrisekd@ibm.com', '2023-08-14 06:56:31'),
(735, 8, 'Fairfax De Winton', 'fdeke@twitpic.com', '2024-04-02 01:31:02'),
(736, 12, 'Lazaro Dornin', 'ldorninkf@seattletimes.com', '2024-02-10 05:50:21'),
(737, 6, 'Rafaellle Ducarne', 'rducarnekg@twitpic.com', '2023-08-31 01:48:21'),
(738, 8, 'Kimmie Clarke', 'kclarkekh@scribd.com', '2024-04-19 09:57:06'),
(739, 11, 'Roland Laverty', 'rlavertyki@google.es', '2024-05-05 21:56:14'),
(740, 2, 'Burk Hainey', 'bhaineykj@webeden.co.uk', '2023-09-21 03:03:29'),
(741, 10, 'Ivie Benedicto', 'ibenedictokk@vkontakte.ru', '2024-05-15 16:53:22'),
(742, 10, 'Sammie MacKissack', 'smackissackkl@mapy.cz', '2024-04-18 16:37:42'),
(743, 4, 'Michael Dowthwaite', 'mdowthwaitekm@sciencedaily.com', '2023-11-12 15:38:25'),
(744, 11, 'Erinn Belchamp', 'ebelchampkn@mashable.com', '2024-03-26 22:52:27'),
(745, 3, 'Xerxes Stirrup', 'xstirrupko@nationalgeographic.com', '2023-08-06 18:01:59'),
(746, 3, 'Krishnah Hiscocks', 'khiscockskp@skyrock.com', '2023-08-23 14:03:19'),
(747, 6, 'Estel Wellsman', 'ewellsmankq@google.pl', '2024-01-21 22:30:49'),
(748, 6, 'Beatrisa Moule', 'bmoulekr@cyberchimps.com', '2024-02-21 06:58:25'),
(749, 13, 'Alvie Prise', 'apriseks@apple.com', '2023-08-07 03:33:35'),
(750, 14, 'Beatrice Mannion', 'bmannionkt@howstuffworks.com', '2024-02-29 10:53:21'),
(751, 11, 'Kailey Baylay', 'kbaylayku@army.mil', '2023-08-20 19:31:26'),
(752, 7, 'Jamaal Blackmoor', 'jblackmoorkv@digg.com', '2023-09-07 22:22:11'),
(753, 5, 'Yale Croughan', 'ycroughankw@fastcompany.com', '2023-10-18 02:17:20'),
(754, 3, 'Mathe Paydon', 'mpaydonkx@jiathis.com', '2023-10-16 13:16:30'),
(755, 14, 'Rora Woolfoot', 'rwoolfootky@bandcamp.com', '2023-09-10 10:19:38'),
(756, 6, 'Avrit Brickham', 'abrickhamkz@e-recht24.de', '2024-03-18 10:11:06'),
(757, 3, 'Demott Patman', 'dpatmanl0@cbsnews.com', '2023-07-01 18:32:42'),
(758, 9, 'Collen MacPhaden', 'cmacphadenl1@cnn.com', '2023-12-12 14:50:01'),
(759, 4, 'Ivie Galego', 'igalegol2@cocolog-nifty.com', '2023-11-07 12:57:23'),
(760, 10, 'Reinaldos Boxe', 'rboxel3@eventbrite.com', '2023-08-19 04:39:54'),
(761, 5, 'Giffer Fooks', 'gfooksl4@nih.gov', '2024-03-16 07:11:29'),
(762, 8, 'Reiko Stiles', 'rstilesl5@dell.com', '2023-12-19 03:01:44'),
(763, 5, 'Jory Barosch', 'jbaroschl6@yellowpages.com', '2023-10-22 21:09:42'),
(764, 13, 'Natalie Ebbett', 'nebbettl7@vimeo.com', '2023-12-18 20:43:33'),
(765, 13, 'Justino Coupland', 'jcouplandl8@ustream.tv', '2023-09-30 16:44:34'),
(766, 2, 'Pavla Pettis', 'ppettisl9@prweb.com', '2024-05-14 05:31:29'),
(767, 6, 'Rog Tomaskov', 'rtomaskovla@netlog.com', '2023-07-31 03:06:46'),
(768, 12, 'Jeffie Bavridge', 'jbavridgelb@cnn.com', '2024-01-07 12:14:56'),
(769, 3, 'Bryce Fall', 'bfalllc@goo.gl', '2024-02-05 11:59:17'),
(770, 7, 'Alair Greenaway', 'agreenawayld@epa.gov', '2023-09-22 06:42:10'),
(771, 12, 'Timothy Whilde', 'twhildele@newyorker.com', '2023-07-06 15:11:09'),
(772, 7, 'Winnifred Eyles', 'weyleslf@homestead.com', '2023-10-17 06:11:19'),
(773, 3, 'Joannes Nolin', 'jnolinlg@addtoany.com', '2023-07-06 16:16:42'),
(774, 12, 'Sara Ford', 'sfordlh@cyberchimps.com', '2023-06-09 05:49:25'),
(775, 4, 'Moses Fever', 'mfeverli@cafepress.com', '2023-10-12 13:42:10'),
(776, 12, 'Jonah Sherwyn', 'jsherwynlj@pcworld.com', '2023-11-03 01:12:56'),
(777, 11, 'Cristal Bruinsma', 'cbruinsmalk@altervista.org', '2023-11-14 20:52:50'),
(778, 7, 'Joana Oxtiby', 'joxtibyll@163.com', '2024-02-17 22:50:24'),
(779, 6, 'Guss Kirkwood', 'gkirkwoodlm@nba.com', '2023-06-16 06:31:06'),
(780, 14, 'Saundra Mapledorum', 'smapledorumln@odnoklassniki.ru', '2023-09-02 23:00:31'),
(781, 11, 'Bernadene Stokes', 'bstokeslo@ning.com', '2024-06-02 10:59:01'),
(782, 2, 'Kalindi Coats', 'kcoatslp@t-online.de', '2024-04-06 07:33:52'),
(783, 7, 'Charissa Jackman', 'cjackmanlq@slashdot.org', '2024-01-07 22:23:01'),
(784, 14, 'Caprice Kilty', 'ckiltylr@baidu.com', '2024-01-31 15:23:21'),
(785, 2, 'Dougie Zylbermann', 'dzylbermannls@51.la', '2024-03-28 21:34:55'),
(786, 13, 'Davida Cornehl', 'dcornehllt@cbc.ca', '2024-03-01 21:26:36'),
(787, 11, 'Shepard Besnard', 'sbesnardlu@sohu.com', '2024-03-30 09:22:27'),
(788, 10, 'Olin Bynert', 'obynertlv@studiopress.com', '2024-05-14 23:02:54'),
(789, 6, 'Judah Retter', 'jretterlw@ifeng.com', '2024-05-03 19:16:49'),
(790, 9, 'Harmon Stile', 'hstilelx@home.pl', '2023-09-20 05:55:43'),
(791, 13, 'Lynda Emanuelov', 'lemanuelovly@github.io', '2024-04-03 10:21:29'),
(792, 12, 'Kalindi Grievson', 'kgrievsonlz@go.com', '2023-08-20 19:45:11'),
(793, 3, 'Elinore Zapater', 'ezapaterm0@yolasite.com', '2024-02-26 16:31:20'),
(794, 5, 'Aurilia Mildner', 'amildnerm1@nbcnews.com', '2024-03-17 14:10:08'),
(795, 5, 'Ailyn Slowcock', 'aslowcockm2@noaa.gov', '2023-07-09 11:26:18'),
(796, 7, 'Weider Schutter', 'wschutterm3@mayoclinic.com', '2023-08-26 11:38:38'),
(797, 5, 'Robers Sego', 'rsegom4@eepurl.com', '2023-10-06 21:04:04'),
(798, 4, 'Enrica Drance', 'edrancem5@businesswire.com', '2023-07-30 00:53:37'),
(799, 4, 'Elsworth Handford', 'ehandfordm6@walmart.com', '2023-12-15 21:40:04'),
(800, 6, 'Everard Element', 'eelementm7@techcrunch.com', '2023-07-20 15:36:51'),
(801, 5, 'Moshe Rutherford', 'mrutherfordm8@tuttocitta.it', '2024-01-09 21:37:35'),
(802, 9, 'Gretel Garrit', 'ggarritm9@storify.com', '2024-05-20 04:11:22'),
(803, 14, 'Christabel Hallybone', 'challybonema@bandcamp.com', '2024-03-24 11:51:41'),
(804, 2, 'Susann Cowup', 'scowupmb@a8.net', '2024-06-01 02:22:13'),
(805, 4, 'Kevan M''Barron', 'kmbarronmc@indiatimes.com', '2023-08-07 06:09:02'),
(806, 1, 'Willie Kingstne', 'wkingstnemd@aboutads.info', '2024-02-17 14:19:35'),
(807, 13, 'Amalea Hatry', 'ahatryme@answers.com', '2024-03-18 06:59:43'),
(808, 5, 'Thayne Blankenship', 'tblankenshipmf@gov.uk', '2023-07-02 19:57:48'),
(809, 13, 'Susannah Casetti', 'scasettimg@apache.org', '2024-03-24 15:18:23'),
(810, 3, 'Cybil Garman', 'cgarmanmh@statcounter.com', '2023-12-30 00:16:28'),
(811, 13, 'Addie Spink', 'aspinkmi@angelfire.com', '2023-08-10 04:53:52'),
(812, 7, 'Durant Sprulls', 'dsprullsmj@free.fr', '2023-11-11 07:45:09'),
(813, 13, 'Kent Maudett', 'kmaudettmk@va.gov', '2024-03-03 02:27:31'),
(814, 3, 'Eamon Boorer', 'eboorerml@yandex.ru', '2023-08-29 23:08:09'),
(815, 14, 'Lloyd Dowrey', 'ldowreymm@soup.io', '2024-01-29 00:17:48'),
(816, 3, 'Skip Osban', 'sosbanmn@wix.com', '2024-04-11 01:49:48'),
(817, 14, 'Gennie Allardyce', 'gallardycemo@baidu.com', '2023-09-24 00:18:50'),
(818, 10, 'Edwina Scutchings', 'escutchingsmp@spiegel.de', '2024-02-07 15:22:04'),
(819, 12, 'Lucius Cawtheray', 'lcawtheraymq@sun.com', '2023-08-15 15:32:00'),
(820, 1, 'Adolpho Crosskill', 'acrosskillmr@github.com', '2024-03-28 06:38:48'),
(821, 2, 'Hewitt Chaffey', 'hchaffeyms@cdbaby.com', '2024-03-13 00:19:50'),
(822, 5, 'Melisse Dignum', 'mdignummt@surveymonkey.com', '2024-03-22 01:22:35'),
(823, 6, 'Pearla Espinel', 'pespinelmu@arstechnica.com', '2023-09-29 05:31:05'),
(824, 7, 'Hertha Grahlman', 'hgrahlmanmv@ucoz.ru', '2024-03-24 04:12:46'),
(825, 8, 'Rolfe Soigne', 'rsoignemw@berkeley.edu', '2024-03-19 06:35:28'),
(826, 5, 'Zach Danter', 'zdantermx@psu.edu', '2023-09-09 16:32:42'),
(827, 10, 'Deb Gwatkins', 'dgwatkinsmy@psu.edu', '2024-05-02 16:38:51'),
(828, 4, 'Julietta Hendricks', 'jhendricksmz@behance.net', '2024-02-05 18:10:50'),
(829, 13, 'Abbot Stanmer', 'astanmern0@1und1.de', '2024-01-28 10:20:14'),
(830, 11, 'Maryjo Guitte', 'mguitten1@shutterfly.com', '2023-10-18 04:25:10'),
(831, 1, 'Lana Mayze', 'lmayzen2@tuttocitta.it', '2023-11-22 17:13:14'),
(832, 10, 'Lil McIlwraith', 'lmcilwraithn3@nasa.gov', '2024-02-25 16:21:43'),
(833, 2, 'Dale Mila', 'dmilan4@buzzfeed.com', '2023-08-06 04:58:40'),
(834, 1, 'Jasper Girodias', 'jgirodiasn5@nydailynews.com', '2024-03-27 03:17:38'),
(835, 6, 'Heddie Chismon', 'hchismonn6@noaa.gov', '2023-10-08 06:06:26'),
(836, 9, 'Reuven Bourgaize', 'rbourgaizen7@indiatimes.com', '2023-06-05 10:10:37'),
(837, 1, 'Gwenneth Dederich', 'gdederichn8@google.com.hk', '2023-08-23 06:56:15'),
(838, 7, 'Donovan Pirt', 'dpirtn9@surveymonkey.com', '2023-07-16 18:00:23'),
(839, 2, 'Salvatore Yakubovich', 'syakubovichna@cnn.com', '2023-11-30 23:16:11'),
(840, 4, 'Farleigh Eichmann', 'feichmannnb@whitehouse.gov', '2024-02-18 21:36:19'),
(841, 14, 'Blaire Gullivan', 'bgullivannc@redcross.org', '2023-10-26 03:23:43'),
(842, 3, 'Katherine Cordrey', 'kcordreynd@amazon.de', '2023-08-04 23:10:12'),
(843, 5, 'Jillane Wigfall', 'jwigfallne@lycos.com', '2024-03-17 06:47:40'),
(844, 1, 'Launce Blencoe', 'lblencoenf@google.ca', '2024-04-15 05:31:03'),
(845, 10, 'Alexandrina Shergold', 'ashergoldng@bbc.co.uk', '2023-11-12 14:23:28'),
(846, 11, 'Connie Weben', 'cwebennh@cisco.com', '2023-12-06 08:34:51'),
(847, 13, 'Lock Sutor', 'lsutorni@yellowbook.com', '2024-04-10 22:14:00'),
(848, 10, 'Evered Gadsden', 'egadsdennj@csmonitor.com', '2023-10-14 09:00:37'),
(849, 7, 'Selene Marzello', 'smarzellonk@ox.ac.uk', '2024-05-13 22:16:17'),
(850, 2, 'Phaidra Dodge', 'pdodgenl@arstechnica.com', '2023-12-06 13:20:22'),
(851, 13, 'Krystalle Hazlehurst', 'khazlehurstnm@sciencedaily.com', '2024-04-13 06:15:57'),
(852, 12, 'Darbee Guynemer', 'dguynemernn@theatlantic.com', '2023-08-28 08:15:24'),
(853, 10, 'Virgil Pandey', 'vpandeyno@dropbox.com', '2024-04-16 16:44:22'),
(854, 8, 'Amabel Breeds', 'abreedsnp@myspace.com', '2024-04-11 05:55:35'),
(855, 1, 'Hodge Heavens', 'hheavensnq@columbia.edu', '2023-07-28 22:33:26'),
(856, 14, 'Heath Maffetti', 'hmaffettinr@elegantthemes.com', '2023-07-24 13:47:27'),
(857, 1, 'Carita Ruecastle', 'cruecastlens@bloglovin.com', '2023-10-31 17:20:41'),
(858, 4, 'Jehu Roder', 'jrodernt@senate.gov', '2023-06-15 08:23:58'),
(859, 9, 'Selby Shead', 'ssheadnu@youtube.com', '2024-04-30 05:54:14'),
(860, 7, 'Roosevelt Cuddon', 'rcuddonnv@scientificamerican.com', '2023-10-22 19:07:01'),
(861, 14, 'Karola Rockall', 'krockallnw@nasa.gov', '2023-08-13 12:02:55'),
(862, 6, 'Randell Thursfield', 'rthursfieldnx@tmall.com', '2023-11-03 03:02:46'),
(863, 14, 'Taddeusz Ebbetts', 'tebbettsny@barnesandnoble.com', '2024-01-04 10:22:25'),
(864, 2, 'Nara Beneze', 'nbenezenz@nymag.com', '2023-11-01 05:22:33'),
(865, 7, 'Farris McLagain', 'fmclagaino0@wired.com', '2023-11-11 10:29:53'),
(866, 13, 'Octavius Deakan', 'odeakano1@yolasite.com', '2024-06-01 00:54:06'),
(867, 6, 'Lorinda Pickrell', 'lpickrello2@upenn.edu', '2023-07-21 03:38:11'),
(868, 5, 'Skyler Molnar', 'smolnaro3@wikipedia.org', '2023-08-22 11:35:02'),
(869, 7, 'Timi Tillerton', 'ttillertono4@google.ru', '2023-12-15 00:21:24'),
(870, 1, 'Madelon Bilbery', 'mbilberyo5@bloglines.com', '2024-01-10 10:25:27'),
(871, 10, 'Ced Nottingham', 'cnottinghamo6@globo.com', '2024-02-25 08:13:21'),
(872, 2, 'Marylin Dahlgren', 'mdahlgreno7@godaddy.com', '2023-09-23 19:21:44'),
(873, 10, 'Paulie Gloves', 'pgloveso8@ycombinator.com', '2024-01-25 03:27:43'),
(874, 6, 'Tomas Sher', 'tshero9@posterous.com', '2023-12-23 07:49:48'),
(875, 9, 'Niven Fike', 'nfikeoa@webeden.co.uk', '2024-01-05 07:56:10'),
(876, 3, 'Kailey Hornig', 'khornigob@zimbio.com', '2023-12-07 01:59:11'),
(877, 4, 'Zeke Jordin', 'zjordinoc@t.co', '2023-08-23 16:16:23'),
(878, 9, 'Hoebart Sivorn', 'hsivornod@marriott.com', '2024-01-23 17:57:54'),
(879, 10, 'Aharon Denis', 'adenisoe@cpanel.net', '2023-06-23 08:33:21'),
(880, 11, 'Aila Haskey', 'ahaskeyof@123-reg.co.uk', '2023-12-18 10:17:13'),
(881, 10, 'Goldi Lambdon', 'glambdonog@omniture.com', '2023-07-19 19:35:09'),
(882, 7, 'Kit Mitskevich', 'kmitskevichoh@51.la', '2023-08-06 03:05:01'),
(883, 12, 'Tull Melburg', 'tmelburgoi@house.gov', '2023-08-28 20:19:53'),
(884, 6, 'Candace Toffts', 'ctofftsoj@prweb.com', '2024-05-20 05:17:08'),
(885, 1, 'Madge Benkin', 'mbenkinok@nps.gov', '2023-11-20 20:58:22'),
(886, 9, 'Jasper Raoux', 'jraouxol@dot.gov', '2023-06-15 12:12:43'),
(887, 11, 'Joanna Balke', 'jbalkeom@moonfruit.com', '2024-03-29 14:55:36'),
(888, 14, 'Gigi Digwood', 'gdigwoodon@google.it', '2024-02-14 02:34:18'),
(889, 8, 'Jerry Masters', 'jmastersoo@rambler.ru', '2023-09-27 19:01:18'),
(890, 7, 'Vanni Swait', 'vswaitop@ning.com', '2023-09-20 19:23:11'),
(891, 2, 'Giorgi Nickell', 'gnickelloq@irs.gov', '2023-11-04 15:12:26'),
(892, 1, 'Dorelia Cromb', 'dcrombor@hugedomains.com', '2024-05-23 15:23:49'),
(893, 5, 'Lilla Harmson', 'lharmsonos@gov.uk', '2023-07-25 04:08:17'),
(894, 1, 'Mycah Kermott', 'mkermottot@e-recht24.de', '2024-03-23 05:54:54'),
(895, 11, 'Edwin Neem', 'eneemou@cargocollective.com', '2024-03-13 19:56:58'),
(896, 2, 'Zacharias Ellinor', 'zellinorov@businessweek.com', '2023-12-13 01:08:34'),
(897, 11, 'Jill Greenhead', 'jgreenheadow@yellowpages.com', '2024-01-19 02:39:16'),
(898, 11, 'Conway Gaishson', 'cgaishsonox@toplist.cz', '2023-07-15 15:03:29'),
(899, 13, 'Aubine Humes', 'ahumesoy@rediff.com', '2024-05-18 13:34:16'),
(900, 12, 'Liana Lovel', 'lloveloz@samsung.com', '2023-07-08 19:53:16'),
(901, 13, 'Sander Kibbel', 'skibbelp0@ucoz.ru', '2024-03-30 13:54:04'),
(902, 11, 'Elwood Devlin', 'edevlinp1@wikimedia.org', '2024-02-19 07:17:36'),
(903, 2, 'Tadio McAlees', 'tmcaleesp2@mit.edu', '2024-01-17 06:07:57'),
(904, 7, 'Rustie Ginnelly', 'rginnellyp3@ibm.com', '2023-10-11 11:23:07'),
(905, 11, 'Kelila Trayte', 'ktraytep4@ted.com', '2024-05-06 11:13:32'),
(906, 2, 'Georgina Maffioletti', 'gmaffiolettip5@moonfruit.com', '2024-04-19 21:46:37'),
(907, 5, 'Davida Meineking', 'dmeinekingp6@mac.com', '2024-03-06 17:04:38'),
(908, 8, 'Vikky Fyndon', 'vfyndonp7@linkedin.com', '2023-12-09 06:47:21'),
(909, 14, 'Myrle Sisley', 'msisleyp8@typepad.com', '2023-12-11 11:21:24'),
(910, 10, 'Bernice Abatelli', 'babatellip9@a8.net', '2023-12-22 19:46:23'),
(911, 11, 'Deerdre Bagshaw', 'dbagshawpa@discuz.net', '2024-02-04 13:56:46'),
(912, 9, 'Antons Bulcroft', 'abulcroftpb@meetup.com', '2024-02-10 11:13:18'),
(913, 10, 'Celle Grimwad', 'cgrimwadpc@desdev.cn', '2023-09-02 06:39:10'),
(914, 12, 'Elke Klug', 'eklugpd@ycombinator.com', '2023-10-17 23:11:16'),
(915, 11, 'Reeta Husselbee', 'rhusselbeepe@ifeng.com', '2024-01-14 15:29:20'),
(916, 10, 'Sasha Pinyon', 'spinyonpf@sfgate.com', '2023-10-28 12:08:51'),
(917, 10, 'Goran Benech', 'gbenechpg@smugmug.com', '2023-08-07 19:13:10'),
(918, 9, 'Bealle Wipper', 'bwipperph@homestead.com', '2024-04-12 01:03:37'),
(919, 7, 'Fee Kinnen', 'fkinnenpi@bbb.org', '2024-03-31 11:46:35'),
(920, 14, 'Francyne Megany', 'fmeganypj@moonfruit.com', '2023-09-17 11:06:39'),
(921, 10, 'Terri O''Sharkey', 'tosharkeypk@netlog.com', '2024-04-12 14:45:27'),
(922, 7, 'Tiffani Fields', 'tfieldspl@prweb.com', '2023-12-05 03:23:11'),
(923, 13, 'Modesty Broster', 'mbrosterpm@cam.ac.uk', '2024-05-14 00:13:30'),
(924, 7, 'Shanna Pauncefoot', 'spauncefootpn@fc2.com', '2023-06-04 09:50:54'),
(925, 14, 'Alvan Duddle', 'aduddlepo@ftc.gov', '2023-06-17 13:14:28'),
(926, 9, 'Lanna Botterill', 'lbotterillpp@yandex.ru', '2023-10-05 20:45:38'),
(927, 12, 'Garret Vowell', 'gvowellpq@webs.com', '2023-10-10 09:58:07'),
(928, 7, 'Waldemar Sertin', 'wsertinpr@unc.edu', '2024-03-28 14:10:32'),
(929, 1, 'Lesya Chisnell', 'lchisnellps@bandcamp.com', '2024-02-27 06:22:54'),
(930, 6, 'Claudine Busek', 'cbusekpt@seesaa.net', '2023-09-20 03:21:21'),
(931, 12, 'Svend Kehoe', 'skehoepu@nytimes.com', '2023-06-08 12:18:45'),
(932, 7, 'Sheila-kathryn Duligal', 'sduligalpv@bravesites.com', '2024-04-25 09:50:25'),
(933, 2, 'Shelley Ciccetti', 'sciccettipw@dot.gov', '2024-01-13 15:51:08'),
(934, 3, 'Genevieve Whitmore', 'gwhitmorepx@linkedin.com', '2023-08-26 05:09:03'),
(935, 11, 'Avery Bearward', 'abearwardpy@timesonline.co.uk', '2023-09-02 17:53:36'),
(936, 9, 'Bartholomeus Fulks', 'bfulkspz@unc.edu', '2023-06-23 15:50:00'),
(937, 11, 'Gaston Legat', 'glegatq0@admin.ch', '2023-11-07 10:56:40'),
(938, 12, 'Wilow Huffy', 'whuffyq1@parallels.com', '2023-07-26 17:39:50'),
(939, 5, 'Tania Ronisch', 'tronischq2@ustream.tv', '2023-07-15 21:59:15'),
(940, 6, 'Teri Hynam', 'thynamq3@unblog.fr', '2023-09-17 18:14:12'),
(941, 11, 'Gil Aiskovitch', 'gaiskovitchq4@opensource.org', '2024-04-15 22:28:44'),
(942, 9, 'Nataline Klejin', 'nklejinq5@angelfire.com', '2024-01-25 13:22:11'),
(943, 6, 'Virgie Celler', 'vcellerq6@geocities.jp', '2023-06-25 01:13:35'),
(944, 10, 'Marv Kingsley', 'mkingsleyq7@patch.com', '2023-11-06 17:58:53'),
(945, 14, 'Halsy Pierrepont', 'hpierrepontq8@yellowbook.com', '2024-02-17 19:52:27'),
(946, 7, 'Roarke Elcox', 'relcoxq9@microsoft.com', '2023-06-09 07:04:38'),
(947, 14, 'Suzi Lowensohn', 'slowensohnqa@mashable.com', '2024-05-28 14:40:07'),
(948, 13, 'Neddie Fuggles', 'nfugglesqb@thetimes.co.uk', '2024-03-05 02:13:22'),
(949, 1, 'Dean Jeannequin', 'djeannequinqc@ustream.tv', '2024-04-13 08:12:52'),
(950, 1, 'Kerwin Bertolin', 'kbertolinqd@youtube.com', '2024-05-10 02:38:58'),
(951, 6, 'Salvador Propper', 'spropperqe@yale.edu', '2023-10-03 04:46:06'),
(952, 10, 'Edvard Lapwood', 'elapwoodqf@macromedia.com', '2023-11-17 19:20:03'),
(953, 5, 'Burnaby Sargeaunt', 'bsargeauntqg@delicious.com', '2024-01-01 06:11:19'),
(954, 7, 'Riccardo Passy', 'rpassyqh@paypal.com', '2023-11-02 15:25:44'),
(955, 9, 'Jana Kyteley', 'jkyteleyqi@examiner.com', '2024-05-19 22:11:33'),
(956, 7, 'Blane Gunter', 'bgunterqj@ameblo.jp', '2024-05-04 03:16:47'),
(957, 5, 'Odo Danshin', 'odanshinqk@mozilla.com', '2023-08-21 19:57:42'),
(958, 6, 'Dillie Bagwell', 'dbagwellql@de.vu', '2024-03-13 07:17:37'),
(959, 9, 'Florella Crigin', 'fcriginqm@usda.gov', '2023-06-05 14:38:37'),
(960, 4, 'Griffith Tilne', 'gtilneqn@yahoo.co.jp', '2024-04-14 03:32:13'),
(961, 8, 'Melisande Clark', 'mclarkqo@apple.com', '2024-05-29 00:18:25'),
(962, 11, 'Carrie Bossom', 'cbossomqp@blogs.com', '2023-12-18 03:09:46'),
(963, 5, 'Meier Iacovacci', 'miacovacciqq@pinterest.com', '2023-07-24 05:18:32'),
(964, 11, 'Claudius Willbond', 'cwillbondqr@multiply.com', '2023-09-23 00:00:28'),
(965, 14, 'Lori Davidowsky', 'ldavidowskyqs@ask.com', '2023-07-31 07:33:42'),
(966, 2, 'Josey Lindfors', 'jlindforsqt@soup.io', '2024-05-19 21:47:43'),
(967, 4, 'Cornelius Coysh', 'ccoyshqu@ebay.com', '2024-02-05 03:05:43'),
(968, 11, 'Pavel Hooban', 'phoobanqv@ftc.gov', '2023-09-02 15:26:44'),
(969, 12, 'Jdavie McShee', 'jmcsheeqw@ovh.net', '2024-05-13 00:53:19'),
(970, 10, 'Netti Horsburgh', 'nhorsburghqx@skyrock.com', '2023-06-26 11:42:30'),
(971, 12, 'Missy Moverley', 'mmoverleyqy@marketwatch.com', '2024-03-04 05:18:22'),
(972, 8, 'Willetta McCathy', 'wmccathyqz@is.gd', '2023-08-25 17:10:41'),
(973, 9, 'Ethan Esberger', 'eesbergerr0@t.co', '2023-12-13 19:37:23'),
(974, 12, 'Katey Petricek', 'kpetricekr1@purevolume.com', '2023-07-19 00:53:10'),
(975, 9, 'Nanni Fuzzens', 'nfuzzensr2@nsw.gov.au', '2024-05-01 18:53:30'),
(976, 1, 'Stephenie Erat', 'seratr3@meetup.com', '2023-10-24 05:06:38'),
(977, 9, 'Dorothee Fetherstonhaugh', 'dfetherstonhaughr4@linkedin.com', '2023-10-30 12:58:40'),
(978, 5, 'Gerome Anglish', 'ganglishr5@who.int', '2024-04-26 04:43:22'),
(979, 1, 'Evelyn Shawe', 'eshawer6@rambler.ru', '2024-01-17 06:09:32'),
(980, 4, 'Jillene Dunkerton', 'jdunkertonr7@simplemachines.org', '2023-07-20 10:12:54'),
(981, 2, 'Dicky McPake', 'dmcpaker8@samsung.com', '2024-05-18 19:58:45'),
(982, 2, 'Glenda Dadds', 'gdaddsr9@yahoo.com', '2023-08-15 19:22:27'),
(983, 7, 'Dorelia Oseland', 'doselandra@foxnews.com', '2023-07-21 05:55:00'),
(984, 11, 'Norina Clayton', 'nclaytonrb@yahoo.com', '2023-10-30 16:55:18'),
(985, 4, 'Wilhelmine Ostridge', 'wostridgerc@miibeian.gov.cn', '2024-01-09 10:04:31'),
(986, 10, 'Padriac Lobbe', 'plobberd@privacy.gov.au', '2023-06-28 12:54:15'),
(987, 6, 'Shaun Jozaitis', 'sjozaitisre@kickstarter.com', '2023-09-24 12:04:37'),
(988, 6, 'Arluene Turnock', 'aturnockrf@soundcloud.com', '2024-04-19 10:45:02'),
(989, 14, 'Pamela Gueny', 'pguenyrg@mysql.com', '2024-03-31 10:34:52'),
(990, 4, 'Herculie Philipart', 'hphilipartrh@un.org', '2023-06-26 20:39:33'),
(991, 11, 'Westleigh Blackhall', 'wblackhallri@oracle.com', '2024-04-14 14:19:52'),
(992, 3, 'Sheffie Weatherburn', 'sweatherburnrj@princeton.edu', '2023-07-03 10:14:36'),
(993, 9, 'Maryjane Roullier', 'mroullierrk@epa.gov', '2023-10-08 07:24:13'),
(994, 11, 'Tyrus Waite', 'twaiterl@eepurl.com', '2023-12-07 15:01:42'),
(995, 2, 'Warde Harley', 'wharleyrm@yellowpages.com', '2023-10-12 18:58:27'),
(996, 5, 'Garrott Aishford', 'gaishfordrn@topsy.com', '2024-03-03 23:15:13'),
(997, 13, 'Hermann Headly', 'hheadlyro@omniture.com', '2024-02-10 02:57:16'),
(998, 1, 'Nikki Woolfenden', 'nwoolfendenrp@yahoo.com', '2024-04-30 16:08:11'),
(999, 3, 'Israel Rounds', 'iroundsrq@reuters.com', '2023-11-12 11:13:25'),
(1000, 9, 'Rich Goldstraw', 'rgoldstrawrr@wunderground.com', '2024-01-17 03:07:27');
SELECT * FROM orders ORDER BY order_date DESC;
SELECT * FROM products WHERE product_category_id = 2;
SELECT * FROM products ORDER BY price DESC LIMIT 3;
SELECT product_category_id, COUNT(*) AS 'Count' FROM products GROUP BY product_category_id; 
SELECT product_id, COUNT(*) AS 'Count' FROM orders GROUP BY product_id ORDER BY Count DESC LIMIT 3;